标题,室数,厅数,卫数,面积,朝向,建造时间,小区,行政区,街道,门牌号,单价,总价,楼层所属区域
新上 武汉天地优质笋房 多层 通透 不临街不临桥  随时看,3,2,2,133.94,南北,2010,武汉天地御江苑,江岸,永清街,永安路6号,49372,661,高层
正南 2室2厅 精装修,2,2,1,85.3,南,2016,福星华府(东区),江汉,杨汊湖,新湾路23号,14536,124,高层
急售，急售，降价20万毛坯朝南三房，楼层好，采光好，看房方便,3,2,1,98.92,南北,2022,中建星光城(二期),洪山,九峰山森林公园,光谷三路59号,14456,143,中层
地铁口，三房二卫，诚心急售，证满无贷，有钥匙,3,2,2,104.65,南,2016,平安光谷春天,江夏,金融港,高新六路15号,17220,180,高层
金银湖湿地公园旁 毛坯一线湖景 满五   6号线地铁900米,3,2,2,117.37,南北,2019,金湖听语,东西湖,金银湖,南一街2号,12818,150,高层
97平 电梯房 满二 精装修 美联(四期) 居家自住保养好,3,2,1,97.6,南,2015,美联奥林匹克花园(四期),东西湖,常青花园,奥园西路3号,13433,131,中层
满二  住房 毛坯房，房东诚心卖，看中可以谈,2,2,1,77.56,南北,2018,东建金海湾,东西湖,吴家山,金北一路59号,7461,58,高层
房东诚心出售，中间楼层，前后阳台看花园，随时看房,3,2,2,118.48,南,2022,百步亭和谐里,江岸,后湖,和谐大道555号,14791,175,中层
98平 满二  住房 南北通透 电梯房 看房方便 有钥匙,3,2,1,98.61,南北,2016,汉北大全景,黄陂,武湖,汉口北大道,6639,65,中层
房源采光好，南北通透，业主诚意出,3,2,1,92.36,南,2018,绿地悦澜湾,汉阳,四新,四新北路601号,13425,124,低层
新上好房 房东急售价格美丽 随时可看,2,2,1,90.14,南,2016,南国明珠(四期),汉阳,王家湾,龙阳大道95号,13664,123,中层
万科翡翠滨江 二桥本区 有钥匙，产权清晰,3,2,2,118.31,南北,2020,万科新世纪翡翠滨江(二期),汉阳,王家湾,琴台大道,15930,188,高层
满二   正南 2室2厅 精装修,2,2,1,87.06,南,2015,光谷自由城,洪山,光谷软件园,水蓝路11号,13008,113,高层
正南 3室2厅 精装修,3,2,2,107.24,南,2017,中国铁建梧桐苑,江夏,金融港,民族大道324号,17343,186,高层
新城璟棠 南北通透 3房 业主一天没住过全新房 看房方便,3,2,2,108.6,南北,2020,新城璟棠,汉阳,四新,四新中路,14081,153,低层
正南 3室2厅 企业力荐好房诚意出售,3,2,2,137.83,南,2020,保利江锦,武昌,徐东,临江大道,24349,336,中层
光谷东 花山 万科紫悦湾 精装 满五  三房二厅,3,2,1,88.77,南北,2017,万科紫悦湾,洪山,光谷东,严西湖路8号,12292,109,中层
电梯房 满二 紫轩美佳 2室2厅 精装修 91平 看房方便,2,2,1,91.21,南北,2012,紫轩美佳,江岸,后湖,正义路24号,14047,128,低层
保利香颂精致三房，二桥芳草一步到位，老证少税可看房，随时可看,3,2,2,110.43,南北,2019,保利香颂,汉阳,升官渡,四新大道,14597,161,高层
江城明珠 2室2厅 电梯房 87平 房东急置换 诚意买房,2,2,1,87.83,南北,2014,江城明珠,汉阳,四新,四新南路,9882,87,高层
保利城精准小三房 186万 满五唯一 高视野 看房有钥匙,3,2,1,94.77,南,2016,保利城一期,洪山,铁机路,团结大道1049号,16224,154,中层
满二 人信汇天誉 3室2厅 86平 电梯房 房东急置换 诚意,3,2,1,86.7,南北,2018,人信汇天誉,汉阳,王家湾,龙阳大道62号,15064,131,中层
正南 3室2厅 精装修,3,2,2,80.16,南,2015,香奈天鹅湖,黄陂,盘龙城,巨龙大道46号,6394,51,高层
广电江湾新城(南区) 南北通透 100平 满二 采光好 周边,3,2,2,100.12,南北,2011,广电江湾新城(南区),硚口,古田,古田路68号,14036,141,高层
3室1厅 地铁鑫城 电梯房 采光好 周边商圈成熟,3,1,1,88,西南,2016,地铁鑫城,江岸,二七路,解放大道2007号,16157,142,低层
7号线地铁口巡司河湿地公园旁东原晴天见毛坯三房业主诚心出售,3,2,1,86.73,南北,2016,东原晴天见,洪山,新南湖,南湖小路28号,13915,121,中层
房东直降10万。现在155万 ，王家湾中央商圈,3,2,1,106.9,南北,2018,王家湾中央生活区,汉阳,王家湾,汉阳大道,12759,136,高层
下楼就是六号线，对应黄狮海学校。曾经的地王，房东血亏大跳水,3,2,1,104.23,南北,2020,融创观澜府,东西湖,吴家山,云海路1号,12689,132,中层
王家湾摩尔城边 3，4号线双地铁 老证3室税费少 看房有钥匙,3,2,2,128.77,南北,2017,王家湾中央生活区,汉阳,王家湾,汉阳大道,13481,174,中层
满五   正南 2室2厅 精装修,2,2,1,92.75,南,2011,F、阳光城,黄陂,盘龙城,巨龙大道特8号,7130,66,高层
天汇龙城龙湖苑 南北通透   诚心出售 价格可谈,3,2,2,114.61,南北,2019,天汇龙城龙湖苑,黄陂,盘龙城,腾龙大道,6563,75,高层
77平 保利新武昌 精装修 2室2厅 看房方便,2,2,1,77.41,南北,2018,保利新武昌,洪山,白沙洲,张家湾路8号,15484,120,中层
电梯房 4室2厅 119平 广电兰亭盛荟(四期) 居家自住,4,2,2,119,东南,2021,广电兰亭盛荟(四期),汉阳,四新,四新大道163号,12851,153,中层
106平 南北通透 王家湾中央生活区 电梯房 满二 3室2厅,3,2,1,106.7,南北,2015,王家湾中央生活区,汉阳,王家湾,汉阳大道,12396,132,中层
精装修 满二 电梯房 3室2厅 居家自住 保养好,3,2,1,92.93,南北,2015,万科汉阳国际C区,汉阳,王家湾,康达街,13521,126,低层
仁和路地铁旁   金地自在城   临东湖  三室带阳光房,3,2,1,88.97,南,2015,金地自在城(东区K3),洪山,欢乐谷,丰园路5号,17188,153,中层
天地盛荟无任何后期费用！上长春街本校一线看江,2,2,1,96.56,南,2017,武汉天地盛荟,江岸,二七路,永和路8号,49651,479,低层
古田二路 凯德广场 红星佳苑 通透三房 超值户型 随时看房,3,2,1,118.87,南北,2018,红星佳苑,硚口,古田,古田路16号,10223,122,中层
正南 3室2厅 企业力荐好房诚意出售,3,2,1,123.33,南,1997,卓刀泉教师小区,洪山,卓刀泉,卓刀泉路99号,13271,164,高层
急售！满二！一线湖景精装修刚需三房室好楼层，采光无任何遮挡！,3,2,1,89.8,南北,2016,保利清能西海岸(北区),江夏,藏龙岛,杨桥湖大道22号,10586,95,高层
汉口北地铁旁 一线湖景 电梯房 出门就是  总价50万,2,2,1,90.16,南,2020,湖景佳园,黄陂,汉口北,解放大道,4584,41,中层
南北通透 2室2厅 精装修,2,2,1,68.9,南北,2008,江南春城(还建区),青山,和平大道,建设三路11号,15717,108,高层
居家装修 湘龙鑫城精装三房 南北通透 家具家电全送 随时看房,3,2,2,129.45,南北,2012,湘龙鑫城,洪山,白沙洲,白沙洲大道,7663,99,低层
正南 3室2厅 精装修,3,2,2,114.25,南,2019,融创融公馆(二期),江岸,后湖,青松路259号,15194,174,低层
正南 3室2厅 精装修,3,2,2,106.6,南,2022,光谷南山府,江夏,东湖高新,"神墩一路,近高科园路",17835,190,高层
六合新界小高层 精装三房 户型方正 南北通透 双阳台 好楼层,3,2,2,112.48,南北,2014,六合新界,江岸,三阳路,胜利街315号,27926,314,中层
七里庙地铁口，纽宾凯公园里高端小区，精装三房，马上老证急卖,3,2,2,107.55,南北,2019,纽宾凯公园里,汉阳,王家湾,赫山路,13604,146,低层
急售 中建品质  好楼层 三开间朝南 大阳台可看小区花园,3,2,2,113.15,南,2022,中建星光城(二期),洪山,九峰山森林公园,光谷三路59号,15692,177,低层
朝南 精装修 电梯房 95平 美好长江首玺K3地块 楼层好,3,2,2,95.08,南,2019,美好长江首玺K3地块,洪山,白沙洲,丽水路6号,10433,99,中层
万科紫悦湾 精致南北通透小三房 次新房未入住 随时看房,3,2,1,93,南,2017,万科紫悦湾,洪山,光谷东,严西湖路8号,13511,126,低层
满五唯一 精装带暖气 业主出国 急售 看房有钥匙,3,2,2,151.3,南北,2009,香利国庭,江岸,后湖,兴业路161号,13058,198,高层
一小，一初旁，德雅国际城毛坯3房，房东诚意出,3,2,2,112.29,南北,2020,德雅国际城大唐世家,新洲,阳逻开发区,环湖路,5963,67,低层
和昌都汇华府 116平，精装房 地铁口 满五,3,2,2,116.53,南北,2016,和昌都汇华府,汉阳,四新,江城大道368号,10641,124,高层
武湖长江新区高车地铁口汉北大全景精装三房 即买即住 随时看房,3,2,1,92.85,南北,2014,汉北大全景,黄陂,武湖,汉口北大道,6944,64,高层
纽宾凯公园里  4房  老证  双地铁口  精装修,4,2,2,142.99,南北,2019,纽宾凯公园里,汉阳,王家湾,赫山路,14742,211,高层
保利中央公馆 电梯三房 97平189万 诚心可谈 满五,3,2,1,97.17,南,2015,保利中央公馆(G1-G16栋),洪山,新南湖,丁字桥南路558号,16078,156,低层
二七滨江，通透板房，电梯入户，产权清晰，二七城市广场,3,2,2,117,南北,2017,城开二七城市广场,江岸,二七路,连城中路663号,10732,125,高层
光谷青年城朝南100平好户型总价低随时看房,2,1,1,98.87,南北,2015,光谷青年城(一期),洪山,关山,新竹路5号,8528,84,中层
（真）保利新武昌 地铁口  边户精装三房,3,2,1,127.31,南北,2018,保利新武昌,洪山,白沙洲,张家湾路8号,14025,179,高层
一线江景房 毛坯两房，老证,3,2,1,91.22,南,2006,世茂锦绣长江5期,汉阳,钟家村,滨江大道193号,18124,165,高层
满二   正南 2室2厅 精装修,2,2,1,77.72,南,2017,金地自在城(西区K2),洪山,欢乐谷,丰园路8号,16379,127,低层
正南 2室2厅 精装修,2,2,1,82.18,南,2013,万景橘苑二期,江汉,汉口火车站,新湾五路,13881,114,高层
南北通透 保利香颂 精装修 电梯房 106平 看房方便 有钥,3,2,2,106.12,南北,2018,保利香颂,汉阳,升官渡,四新大道,15190,161,低层
118平 汉口春天 满二 电梯房 古田三路轻轨旁 采光好,3,2,1,118.36,南北,2007,汉口春天,硚口,古田,解放大道109号,11733,139,高层
"对应西大街  ,晴川  ，鹦鹉花园1室，有私家院子的房子",1,1,1,61.09,南北,2008,鹦鹉花园,汉阳,鹦鹉,拦江路193号,16644,102,低层
全屋高订 精装3改2 主卧带衣帽间 可开发商更名 无需交税,2,2,1,92,南,2019,东湖雅庭,洪山,欢乐谷,仁和路,12579,116,高层
紫轩时代广场  精装两房 63万 证满 随时看房 视野开阔,2,2,1,92.69,南北,2018,紫轩时代广场,黄陂,武湖,汉施路,5618,52,中层
南北通透 3室2厅 精装修,3,2,1,93.11,南北,2015,星悦城(四期),江岸,后湖,春兰街66号,14204,132,高层
保利香颂一期 3室2厅2卫 南北通透 户型正气 看房有钥匙,3,2,2,93.77,南北,2019,保利香颂,汉阳,升官渡,四新大道,14546,136,中层
房源！  维护！谈签找我佣金可少烽云边户已做三房价格满二,3,2,1,89.52,南北,2017,烽云慧城,洪山,光谷东,佛祖岭东街1号,13205,118,中层
朝南次新房  106平 福星惠誉汉阳城云顶 看房方便 有钥匙,3,2,1,105.74,南,2020,福星惠誉汉阳城云顶,汉阳,钟家村,拦江路188号,16026,169,中层
正地铁口五十米 南北通透大四房 采光好超正户型近,4,2,2,136.57,南北,2006,沿海丽水佳园,东西湖,金银湖,马池路特1号,7990,109,低层
万科城四期精装修，朝南大2房老证，中间楼层养护好,2,2,1,90.74,北,2014,万科城,江汉,常青,常青路167号,15031,136,中层
谷尚居 电梯房 79平 2室2厅 诚心出售 价格可议,2,2,1,79.36,南,2009,谷尚居,江夏,金融港,高新四路8号,13541,107,高层
必看好房香颂三期全屋精装带地暖双卫阳台已封即将满二....,3,2,2,106.49,南北,2020,保利香颂,汉阳,升官渡,四新大道,14749,157,低层
南湖大道八号线省农科院站旁三房两厅业主诚心出售价格为可谈,3,2,2,138.14,南北,2013,芷岸龙庭,洪山,新南湖,南湖大道48号,11370,157,低层
中建福地星城 正规3房 边户  采光好 通透户型 个税 毛坯,3,2,1,87.26,南,2016,中建福地星城,洪山,珞狮南路,珞狮南路268号,17052,149,高层
南北通透 3室2厅 精装修,3,2,1,86.64,南北,2015,奥山世纪城CC尚品,青山,余家头,和平大道809附1号,14292,123,中层
正地铁口 电梯花园洋房 捡漏大三房 老证 随时看房 房东急售,3,2,2,123.56,南北,2017,保利香颂,汉阳,升官渡,四新大道,12035,148,低层
正南 3室1厅 精装修,3,1,1,86.58,南,1998,梨园小区,洪山,铁机路,徐东大街213号,14513,126,共5
洪山万科广场旁万科城市之光 纯新边户3房 业主诚心卖有钥匙！,3,2,2,122.93,南北,2022,万科城市之光,洪山,白沙洲,白沙洲大道,16139,198,低层
正南 3室2厅 精装修,3,2,2,129.96,南,2021,汇悦天地(三期),江岸,后湖,和谐大道596号,15583,203,高层
（一方水，一线临湖）（豪装上百个）（皇宫复式，汉阳   ）,4,3,3,301,西北,2000,南国明珠(二期),汉阳,王家湾,龙阳大道95号,13731,413,高层
人信汇天誉 总高22层 稀缺两室带书房 湖景房 看房有钥匙,2,2,1,87.02,南北,2019,人信汇天誉,汉阳,王家湾,龙阳大道62号,14723,128,中层
电梯房 89平 满二 3室2厅 九坤新城壹号 精装修,2,2,1,89.69,南北,2016,九坤新城壹号,东西湖,吴家山,三店西路,7558,68,高层
特赞好房 格局周正 精致3房 居家装修随时看,3,2,1,104.72,南北,2013,现代森林小镇,江夏,东湖高新,光谷大道120号,21313,223,高层
正南 3室2厅 企业力荐好房诚意出售,3,2,2,113.14,南,2014,F学府(A区),黄陂,盘龙城,腾龙大道88号,6065,69,高层
电梯房 93平 2室2厅 满二 精装修 居家自住 保养好,2,2,1,93.31,南北,2010,外滩棕榈泉,江岸,三阳路,沿江大道229号,30297,283,高层
正南 3室2厅 精装修,3,2,1,93.47,南,2019,中国水电盛世江城,江汉,杨汊湖,新湾路9号,19898,186,低层
房源采光好，南北通透，业主诚意出,3,2,1,132.54,南北,2004,秀泽园(北区),江岸,百步亭,兴业路199号,10790,143,中层
真正的景观好房，动静结合，百胜青城一品165万元开售,3,2,1,94.62,南,2011,百胜青城一品,洪山,欢乐谷,祥丰路85号,14415,136,中层
满五   南北通透 2室2厅,2,2,1,81.09,南北,2003,绿之苑,洪山,关西,雄楚大道937号,14170,115,中层
物业自营单元，万科品质小区精装修三房业主诚心急售可以随时看房,3,2,1,93.94,南北,2014,万科金色城市23地块,洪山,白沙洲,长征二路,11000,103,低层
南北通透 3室2厅 精装修,3,2,1,109.3,南北,2020,招商一江璟城(北区),青山,红钢城,建设六路5号,15882,174,中层
正南 2室1厅 企业力荐好房诚意出售,2,1,1,62.36,南,2016,八大家花园43街坊,青山,建设二路,吉林街22号,13653,85,高层
关山大道2017次新豪宅低于市价290万急售南北通三房,3,2,2,118.99,南北,2015,万科城花璟苑,洪山,光谷软件园,关南园路,20146,240,高层
光谷步行街地铁口精装婚房  客厅墙面贴了瓷砖  亏本急售,3,2,1,100.63,南北,2010,加州阳光,洪山,光谷广场,光谷街11号,18072,182,高层
保利上城 正地铁口 精装三房 产证满二 南北通透,3,2,1,84,南北,2018,保利上城东区,洪山,白沙洲,烽胜路20号,12793,107,低层
南北通透 4室2厅 企业力荐好房诚意出售,4,2,2,133.53,南北,2000,绿地国际理想城(三期),洪山,光谷东,光谷四路,14114,188,高层
古田二路地铁口 凯德对面 中间楼层 采光好 户型方正 随时看,2,2,1,91.43,南北,2015,海尔国际广场,硚口,古田,古田二路98号,13110,120,中层
江山樾 109平 3室2厅 南北通透 居家自住 保养好,3,2,2,109.4,南北,2014,江山樾,硚口,古田,沿河大道626号,12468,136,高层
正南 3室2厅 企业力荐好房诚意出售,3,2,2,123.18,南,2017,光谷悦城,江夏,金融港,光谷一路,15166,187,低层
满五唯一 南北通透 2室2厅,2,2,1,90.91,南北,1998,武泰闸城市花园小区,武昌,武泰闸,白沙洲大道505号,11093,101,中层
精装修 保利香颂 南北通透 电梯房 采光好 周边商圈成熟,3,2,2,110.67,南北,2020,保利香颂,汉阳,升官渡,四新大道,14192,157,高层
宝安璞园复式，电梯精装修中层三房，看房方便有钥匙，价格可谈,3,1,1,74.34,南北,2010,宝安璞园,洪山,新南湖,文治街46号,15790,117,中层
倒挂3000每平！  房出售，看房密码三房户型无暗房！！！,3,2,1,99.66,南,2014,富强天合熙园,江岸,后湖,连湖路51号,13188,131,高层
99平东原启城 地铁口目送试  3室2厅 南北通透 楼层好,3,2,1,99.97,南北,2021,东原启城(三四期),洪山,白沙洲,烽胜路,13064,131,低层
正南 3室2厅 精装修,3,2,2,116.47,南,2016,江山如画(6期),硚口,武胜路,汉中路76号,19730,230,高层
王家湾核心商圈 地铁口 一线看湖 前后无遮挡 老证,3,2,1,106.9,南北,2017,王家湾中央生活区,汉阳,王家湾,汉阳大道,12991,139,中层
满五   正南 2室2厅 精装修,2,2,1,84.23,南,2014,世茂锦绣长江(4期),汉阳,鹦鹉,滨江大道192号,16193,136,高层
房源采光好，南北通透，业主诚意出,3,2,1,95.04,南,2017,幸福湾星澜,江岸,百步亭,解放大道2901号,12611,120,高层
急降15万 宝业光谷丽都 精装大两房 全房朝南 满五年,2,2,1,84.99,南北,2016,宝业光谷丽都,洪山,光谷软件园,龙城路9号,13306,112,中层
保利心语二期 全朝南的三房两卫 带大露台养花养草 阳光好,3,2,2,118.77,南,2008,保利心语(二期),洪山,新南湖,野芷湖西路3号,14268,169,低层
正南 3室2厅 精装修,3,2,1,100,南,2019,御江壹品青山印,青山,建设二路,建设二路9号,19012,190,高层
房东急售！127平3房2卫 中建星光城 电梯入户 通透户型,3,2,2,127.06,南北,2021,中建星光城(一期),洪山,光谷东,光谷三路59号,14247,181,低层
正南 3室2厅 精装修,3,2,1,91.16,南,2019,华发未来荟(一期),汉阳,四新,江城大道,18136,165,中层
竹叶海嘉园(B区) 南北通透 电梯房 92平 3室2厅 精装,3,2,1,92.16,南北,2012,竹叶海嘉园(B区),东西湖,吴家山,东吴大道,9687,89,高层
正南 3室2厅 企业力荐好房诚意出售,3,2,2,116.22,南,2016,天汇龙城龙飞苑,黄陂,盘龙城,巨龙大道90号,6472,75,高层
88平160万急售 千禧城 毛坯好两房 南北通透 老证税少,2,2,1,88.65,南北,2017,千禧城,硚口,古田,南泥湾大道106号,14919,132,中层
万科金域蓝湾精装 老证 南北通透 产权清晰,3,2,2,104.93,南,2014,万科金域蓝湾,沌口开发区,江汉大学,三角湖路8号,14574,153,低层
锦园带装俩房可改三房  东向正对小区绿化花园,2,2,1,81.81,南,2019,万科锦园,江汉,汉口火车站,常青一路157-7号,13035,107,低层
南北通透两房，双阳台，满五年，采光通风好得房率高,2,2,1,96.56,南,2009,锦绣江南(一期),武昌,中北路,中北路126号,17978,174,高层
电梯房 南北通透 92平 满二  住房 精装修 居家自住 保,3,2,1,92.61,南北,2017,千禧城,硚口,古田,南泥湾大道106号,12943,120,低层
保利香颂 户型南北通透 得房率高 视野采光好 周边商圈成熟,3,2,2,122.83,南北,2018,保利香颂,汉阳,升官渡,四新大道,13460,165,高层
产证满五  ，  楼层视野采光好，东边户，店长力荐精装三房。,3,2,2,117.46,南,2012,保利心语(八期),洪山,新南湖,野芷湖西路10号,14427,169,中层
正南 2室2厅 企业力荐好房诚意出售,2,2,1,90.13,南,1990,荷风雅居,蔡甸,蔡甸城区,工农路附87-13号,5504,50,中层
一口价 以现在的行情来看 若不是山穷水尽 谁会忍痛割爱呢,3,2,1,100.51,南北,2018,美联德玛假日(二期),东西湖,吴家山,黄狮海东路,6991,70,中层
保利中央公馆(G1G16栋)93.79平183万3室2厅1卫,3,2,1,93.79,南北,2012,保利中央公馆(G1-G16栋),洪山,新南湖,丁字桥南路558号,16129,151,低层
南北通透 3室2厅 精装修,3,2,2,117.55,南北,2019,保利新武昌,洪山,白沙洲,张家湾路8号,13783,162,高层
大华 样板间装修。光线好 地段好 任中旁边,2,2,1,81.57,南,2017,大华铂金郦府,青山,余家头,旅大街21号,15809,129,高层
南北通透 3室2厅 企业力荐好房诚意出售,3,2,2,121.05,南北,2005,金地格林小城美茵区,洪山,珞狮南路,书城路81号,16935,205,中层
正南 3室2厅 企业力荐好房诚意出售,3,2,1,94.74,南,2015,国际百纳,江岸,后湖,中一路36号,15531,147,低层
正南 3室2厅 精装修,3,2,2,108.46,南,2022,新城璞樾门第,洪山,光谷东,佛祖岭东街4号,15243,165,低层
满五   正南 3室2厅 精装修,3,2,1,84.51,南,2015,名流人和天地风和园,黄陂,盘龙城,巨龙大道88号,8314,70,高层
东湖高新万科魅力之城大两居出售 户型通透 居住舒适 自住保养,2,2,1,80.02,西,2009,万科魅力之城(北区),江夏,金融港,高新四路1号,13532,108,低层
正南 2室2厅 企业力荐好房诚意出售,2,2,1,77.24,南,2016,大华铂金郦府,青山,余家头,旅大街21号,15304,118,低层
正南 3室2厅 企业力荐好房诚意出售,3,2,1,93.56,南,2019,花样年锦绣城(B区),洪山,白沙洲,武金堤路,10426,98,高层
观庭金色世家(B区) 3室2厅 123平 电梯房 南北通透,3,2,2,123.74,南北,2013,观庭金色世家(B区),洪山,白沙洲,白沙五路2号,8217,102,低层
三环内 地铁口胜利丰园 3房南北通透边户 高楼层视野好,3,2,2,102,南,2018,胜利丰园,洪山,白沙洲,烽胜路88号,8510,87,高层
南北通透 3室2厅 精装修,3,2,2,124.9,南北,2015,黄陂人信城,黄陂,前川,前川街188号,6949,87,中层
满五   南北通透 3室2厅,3,2,1,96.85,南北,2010,领秀城(二期),洪山,卓刀泉,雄楚大道489号,19631,190,低层
歌林花园 27号线地铁口 90平2室2厅  满二  有钥匙,2,2,1,90.99,南北,2012,歌林花园,黄陂,盘龙城,巨龙大道159号,6996,64,中层
正南 3室2厅 精装修,3,2,2,112.77,南,2016,金地格林东郡,洪山,光谷软件园,纺织路10号,23383,264,中层
性价比非常高的温馨三房 一个让您耳目一新的房子 随时看房哦~,3,2,1,88.81,南北,2013,沿海赛洛城(二期),东西湖,吴家山,张柏路,7819,69,低层
万科西半岛精装修退台式洋房,3,2,2,135.01,南北,2007,万科四季花城西半岛,东西湖,金银湖,环湖路18号,8254,111,低层
老证诚售  近洪山广场 地铁12号线旁 目送式教育 配套齐全,3,2,1,91.51,南北,2015,万科金色城市锦绣苑,洪山,白沙洲,白沙五路7号,12827,117,高层
满二 当代满庭春MOMA 3室2厅 南北通透 115平,3,2,2,115,南北,2019,当代满庭春MOMA,新洲,阳逻开发区,风情大道10号,5032,58,高层
正南 4室2厅 企业力荐好房诚意出售,4,2,1,196.23,南,2008,中国院子,黄陂,盘龙城,盘龙大道特8号,12596,247,共1
3室2厅 110平 电梯房 精装修 房东急置换 诚意买房,3,2,2,110.8,北,2013,恒大名都,黄陂,盘龙城,巨龙大道33号,6640,74,高层
洪山区 飙血出售 两室两厅一卫 景观房 欢迎走进您的新家,2,2,1,73.27,南北,2016,保利时代(北区),洪山,关山,关山大道332号,21210,155,低层
精装三房  目送式教学   小区生活   配套成熟,3,2,2,98.22,南北,2019,中南拂晓城(108地块),黄陂,横店,天阳路,6733,66,低层
诚售 金科城 满二 中间楼层 通透毛坯大三房 价格可谈,3,2,2,113.41,南北,2018,金科城,洪山,欢乐谷,仁和路98号,14942,169,中层
正南 3室2厅 精装修,3,2,1,89.84,南,2015,中建开元公馆,青山,建设二路,建设二路11号,18310,164,低层
南北通透 2室2厅 精装修,2,2,2,95.55,南北,2002,金梭花园,洪山,光谷广场,创业街59号,15140,145,中层
满二   正南 4室2厅,4,2,3,163.15,南,2000,世茂龙湾(三期别墅),沌口开发区,天鹅湖大道,知音湖大道,9374,153,共1
正南 3室2厅 精装修,3,2,1,98.43,南,2016,保利上城东区,洪山,白沙洲,烽胜路20号,13605,134,低层
中冶39大街 3室2厅 满二唯一住房 南北通透 诚心出售 价,3,2,2,118.46,南北,2019,中冶39大街,青山,建设二路,旅大街87号,17515,207,低层
正南 3室2厅 企业力荐好房诚意出售,3,2,1,108.52,南,2019,喜瑞都,洪山,白沙洲,白沙三路,12797,139,低层
正南 3室2厅 企业力荐好房诚意出售,3,2,2,122.68,南,2015,东原乐见城(K2地块),洪山,白沙洲,南李路105号,12668,155,高层
满五唯一，带大露台，地铁口，天街旁，实验小学边，业主诚心出售,3,2,1,111.13,南北,2016,清江锦城玺园,洪山,白沙洲,烽胜路55号,12869,143,低层
汉阳王家湾摩尔城旁，精装三室，南北通透，楼层好拎包入住,3,2,2,120.75,南,2019,人信汇天誉,汉阳,王家湾,龙阳大道62号,15608,188,高层
满二   正南 3室2厅 精装修,3,2,1,90.65,南,2017,中国铁建梧桐苑,江夏,金融港,民族大道324号,17326,157,中层
满五   南北通透 3室1厅 精装修,3,1,2,107.86,南北,2002,钢都花园124街坊,青山,余家头,友谊大道,13029,141,高层
首次8万拿证 小区里面 光谷十小软件园曙光星城C区无过户费,1,1,1,46.01,南北,2015,曙光星城C区,洪山,光谷软件园,雄庄路6号,14013,64,低层
中建南湖壹号 南北通透采光好双阳台 精装大三房 满二年街道口,3,2,2,131.04,南北,2015,中建南湖壹号,洪山,街道口,文荟路78号,17663,231,低层
招商一江璟城稀有小三房，中间楼层满二税少，有钥匙方便看房,3,2,1,96.71,南,2020,招商一江璟城(北区),青山,红钢城,建设六路5号,15813,153,低层
急卖满二 7号线 永旺旁 江南新天地 106平3房2厅2卫,3,2,2,106.98,南北,2019,江夏江南新天地,江夏,文化大道,文化大道36号,10586,113,低层
白沙洲  三环内  东原启城  精装修3房 诚心出售 随时看,3,2,2,106.77,南北,2020,东原启城(三四期),洪山,白沙洲,烽胜路,12387,132,中层
满五唯一 正南 2室2厅 精装修,2,2,1,82.81,南,2013,大华铂金华府,青山,余家头,园林路25号,16570,137,高层
万科金域时代 毛坯 方正三房,3,2,1,87.22,西,2019,万科金域时代,江汉,北湖,台北路295号,19808,173,中层
3室2厅 企业力荐好房诚意出售,3,2,1,108.83,东,2018,万科翡翠玖玺,沌口开发区,郭徐岭广场,太子湖路,16711,182,中层
满五唯一 正南 2室2厅 精装修,2,2,1,78.56,南,2009,清江山水,洪山,光谷软件园,软件园中路10号,15573,122,低层
正南 2室2厅 企业力荐好房诚意出售,2,2,1,89.11,南,2015,花样年花郡(二期),洪山,欢乐谷,丰园路6号,15585,139,高层
南北通透 4室2厅 精装修,4,2,2,128.38,南北,2017,江夏江南新天地,江夏,文化大道,文化大道36号,9015,116,低层
正南 3室2厅 企业力荐好房诚意出售,3,2,1,109.85,南,2016,恒达盘龙湾荷苑,黄陂,盘龙城,盘龙大道48号,6924,76,中层
双地铁口物业捡漏  业主急售  大三房,3,2,1,107.71,南北,2019,喜瑞都,洪山,白沙洲,白沙三路,12356,133,低层
老证 南北三居 高楼层 婚房装修 拎包入住 业主诚心卖,3,2,1,87.98,南北,2015,万科汉阳国际A区,汉阳,王家湾,康达街18号,15127,133,高层
汉北玺园 唯一住房 96平 南北通透 电梯房 诚心出售 价格,3,2,1,96,南北,2016,汉北玺园,黄陂,武湖,汉口北大道,7749,74,高层
不临二环 楼下一初 中城悦城 精装三室 高层南北通透 无遮挡,3,2,1,98.9,南北,2017,中城悦城(一期),江汉,王家墩CBD,发展大道66号,20059,198,高层
轻轨高车站旁 豪华装修 全屋定制  南北通透 3居2卫2阳台,3,2,2,109.85,南北,2019,汉北玺园,黄陂,武湖,汉口北大道,7751,85,低层
南北通透 3室2厅 精装修,3,2,1,105.12,南北,2018,清能清江锦城(三期),洪山,白沙洲,白沙四路62号,13211,139,高层
正南 2室2厅 精装修,2,2,1,97.27,南,2003,碧苑C区,青山,建设二路,建设三路16号,11728,114,高层
武湖地铁口 豪华装修 满五   单价低 随时可以看房,2,2,1,88.82,南北,2018,百隆东方城,黄陂,武湖,汉施公路,6794,60,低层
房源采光好，南北通透，没有遮挡，交通方便，配备育才,2,2,1,90.52,南,2017,幸福湾星润,江岸,后湖,解放大道2903号,10958,99,高层
正南 3室2厅 精装修,3,2,1,105.39,南,2012,美景天城,黄陂,盘龙城,巨龙大道48号,7059,74,中层
智苑小区 毛坯三房 隔壁新房都要1.3W 省下来的钱买辆车,3,2,1,98.04,南北,2018,智苑小区,洪山,光谷东,流港路100号,8010,79,高层
电梯房 联投汉口郡(三期)御湖 南北通透 101平 房东急置,3,2,1,101,南北,2020,联投汉口郡(三期)御湖,黄陂,武湖,武黄路,7202,73,中层
正南 2室2厅 精装修,2,2,1,88.29,南,2016,保利城一期,洪山,铁机路,团结大道1049号,15448,136,高层
满二唯一 正南 3室2厅 精装修,3,2,2,136.51,南,2014,碧桂园生态城依云,洪山,光谷东,花山大道2号,9204,126,低层
产证满五年，中间楼层，视野采光好，店长力荐精装小三房。,3,2,1,90.56,南,2015,保利心语十期(北区),洪山,新南湖,野芷湖南路3号,14787,134,中层
3室2厅 南北通透 124平 电梯房 房东急置换 现228W,3,2,1,124.95,南北,2000,三阳广场,江岸,永清街,三阳路128-130号,15745,197,高层
满二   正南 3室2厅 精装修,3,2,2,139.16,南,2011,F、阳光城,黄陂,盘龙城,巨龙大道特8号,6238,87,高层
此房是精装三房朝南户型 小区配套齐全 交通便利,3,2,1,94.62,南,2016,绿地派克公馆,青山,和平大道,和平大道1650号,10004,94,低层
比澳门山庄二期便宜十几万 单价9000的三房去哪里找,3,2,1,95.67,南北,2019,富丽泊樾府,江夏,庙山,庙山街,7422,70,高层
正南 3室2厅 企业力荐好房诚意出售,3,2,1,96.29,南,2018,前川欣城(二期),黄陂,前川,前川大道463号,7812,75,高层
范湖地铁 港信小区 大两室可改三室 业主诚意急售 价格可议,2,2,1,102.54,南北,2002,港信小区,江汉,唐家墩,新华路389号,12011,123,中层
好房！世纪江尚豪装大3房 楼层好！ 阳光好 ！税少！拎包入住,3,2,2,158.79,南北,2016,世纪江尚,江汉,前进/江汉,花楼街122号,22645,360,中层
正南 3室2厅 精装修,3,2,1,101.4,南,2019,御江壹品青山印,青山,建设二路,建设二路9号,19157,194,高层
古田三路，地铁口，精装三室两厅，必看好房,3,2,2,114.8,南,2017,千禧城,硚口,古田,南泥湾大道106号,14761,169,低层
（真）满二 家电全送 新武昌旁 保利上城 精装三房来那个两卫,3,2,2,109.77,南北,2018,保利上城西区,洪山,白沙洲,峰胜路20号,14384,158,高层
新上好房 业主急售 长江鑫都方正两房 地铁口电梯房,2,2,1,87.87,南,2006,长江鑫都A区,洪山,白沙洲,白沙二路8号,8184,72,高层
菱角湖公园 高层看湖 三眼桥双地铁口 毛坯两房70年住宅,2,1,1,66.52,南北,2019,万科金域时代,江汉,北湖,台北路295号,17149,114,中层
正南 3室2厅 精装修,3,2,1,97.28,南,2018,万润橄榄城,黄陂,盘龙城,宋岗一路1号,6373,62,中层
智苑小区 必看好房 有证 可贷款可过户 价格狂甩周边几条街的,3,2,1,89.4,南,2018,智苑小区,洪山,光谷东,流港路100号,7028,63,低层
和昌森林湖 精装修 满二 2室2厅 楼层好 视野无遮挡！！！,2,2,1,90.16,西,2016,和昌森林湖,汉阳,四新,芳草西路,14670,132,低层
新房没有住过 性价比历史之最 高端物业闹中取静,3,2,2,112.48,南北,2021,江山如画(8期),硚口,汉正街,汉中路121号,17270,194,中层
融科花满庭 89平 3室2厅 简单装修 房东急置换 诚意买房,3,2,1,89.62,南北,2017,融科花满庭,洪山,白沙洲,白沙洲大道,10700,96,低层
正南 3室2厅 企业力荐好房诚意出售,3,2,2,117.21,南,2019,菁英城(二期),洪山,白沙洲,八坦路,11143,131,高层
地铁口300米 满五唯1  急售 房东配合 自住装修,3,2,1,84.78,南,2016,平安光谷春天,江夏,金融港,高新六路15号,14430,122,低层
房东急卖大华铂金郦府 南北通透 三房中间楼层 商品房随时看房,3,2,1,95.37,南北,2016,大华铂金郦府,青山,余家头,旅大街21号,15775,150,中层
3室2厅 光谷满庭春MOMA 105平 电梯房 满二 南北通,3,2,1,105.68,南北,2016,光谷满庭春MOMA,洪山,光谷东,高新二路,14158,150,高层
华润紫云府 婚房装修 采光好 业主急售 看房方便,3,2,1,90.05,南北,2017,华润紫云府(二期),洪山,白沙洲,白沙四路50号,13402,121,中层
天祥尚府 精装3房 南北通透 价格可谈 随时看房,3,2,2,111.28,南,2016,天祥尚府,洪山,光谷软件园,华师园路3号,16714,186,低层
万科光澜道一期 高楼层 采光视野好 洪山广场旁 地铁口,3,2,1,91.19,南北,2016,万科金色城市锦绣苑,洪山,白沙洲,白沙五路7号,11784,107,高层
满二   正南 2室2厅 精装修,2,2,1,71.85,南,2016,百步亭金桥汇(二期),江岸,后湖,华隆路79号,13231,95,低层
人信汇天誉 3室2厅 88平 满二唯一住房 居家自住 保养好,3,2,1,88.35,南北,2019,人信汇天誉,汉阳,王家湾,龙阳大道62号,14502,128,高层
正南 2室2厅 精装修,2,2,1,89.14,南,2016,光明上海公馆,江岸,后湖,塔子湖东路,17619,157,中层
捡漏 中建汤逊湖壹号 四期湖景3房 单价1万 随时看房 机会,3,2,2,123.66,南北,2019,中建汤逊湖壹号,江夏,文化大道,环湖路,8690,107,高层
天祥尚府 精装三房 中间位置 全屋中央空调 保养好可拎包入住,3,2,1,87.87,南,2016,天祥尚府,洪山,光谷软件园,华师园路3号,15522,136,高层
电梯房 恒大名都 满五  住房 108平 诚心出售 价格可议,3,2,2,108,南北,2013,恒大名都,黄陂,盘龙城,巨龙大道33号,6889,74,中层
电梯房 王家湾中央生活区 112平 3室2厅 南北通透 居家,3,2,2,112.75,南北,2015,王家湾中央生活区,汉阳,王家湾,汉阳大道,13197,149,高层
正南 2室1厅 企业力荐好房诚意出售,2,1,1,76.75,南,2020,招商一江璟城(北区),青山,红钢城,建设六路5号,17448,134,低层
正南 3室2厅 精装修,3,2,2,124.78,南,2022,万科新都会,洪山,新南湖,岭南路,21795,272,中层
捡漏必看 恒大 精装朝南三房 诚心出售 随时看房,3,2,1,102.02,南,2017,恒大御府,青山,建设二路,冶金大道16号,14017,143,高层
正南 3室2厅 企业力荐好房诚意出售,3,2,1,102.17,南,2019,大华铂金瑞府,青山,余家头,园林路15号,16586,169,低层
满二唯一 正南 2室2厅 精装修,2,2,1,81.8,南,2015,黄陂人信城,黄陂,前川,前川街188号,7882,64,高层
江汉大学 联投金色港湾 精装大三房 南北通透  性价比极高,3,2,2,123.31,南北,2017,联投金色港湾,沌口开发区,江汉大学,博学路6号,12000,148,中层
出门地铁口  可正常贷款铂金楼层  洪山实小华师附中,2,2,1,80.3,南,2018,胜利丰园,洪山,白沙洲,烽胜路88号,9265,74,高层
正南 3室2厅 企业力荐好房诚意出售,3,2,1,94.26,南,2005,金地格林小城美茵区,洪山,珞狮南路,书城路81号,19205,181,中层
王钦紫薇花园精装3房，户型方正公摊低，地铁  江滩在门口!,3,2,1,109.64,南,2006,紫薇花园,硚口,古田,古田四路9号,14702,161,中层
新华路 菱角湖公园 地铁口 园林小区 电梯次新房 有钥匙看房,2,1,1,90.48,南,2016,沿海菱角湖壹号,江汉,唐家墩,菱角湖路,20099,182,低层
新上必看好房！老证自住30W婚装 采光无遮挡 诚心置换可议价,3,2,2,120.27,南北,2018,钰龙旭辉半岛一期,汉阳,七里庙,麒麟路1号,12921,155,低层
房管备案好房保利3室产证满五 婚房精装 诚售随时可以看房,3,2,1,86.32,南北,2013,保利海上五月花(一期),江夏,庙山,江夏大道31号,9098,79,中层
光谷核心地段 南北通透 满二 保利华都 采光好 业主急售,2,2,1,91.55,南北,2008,保利华都,洪山,卓刀泉,虎泉街299号,22393,205,高层
正南 3室2厅 精装修,3,2,1,119.04,南,2014,天下峰景,蔡甸,蔡甸城区,工农路70号,4792,57,低层
价格可谈！万科金色城市2室2厅 满二 南北通透 看房方便,2,2,1,79.88,南北,2013,万科金色城市13地块,洪山,白沙洲,白沙四路,11073,88,高层
此房带车位 满5年 非顶楼 好房急售随时看,3,2,2,133.49,南北,2014,绿地名邸公馆(北区),武昌,徐家棚,和平大道513号,26008,347,高层
新二环，保利上城西区，双卫正朝南，阔景阳台，满二,3,2,2,104,南北,2019,保利上城西区,洪山,白沙洲,峰胜路20号,14069,146,高层
锦绣江南（湖景房） 集中供暖 高层 南北通透 大四房 满二,4,2,2,137.21,南北,2008,锦绣江南(一期),武昌,中北路,中北路126号,21568,296,高层
常青南园 红领巾慧泉 地铁2号线 中间楼层,2,2,1,95.02,南北,2012,新世界常青南园(北区),江汉,常青,长港路57号,19574,186,中层
唐樾 精装3房  后期税费少,3,2,1,90,北,2017,万科汉口传奇唐樾,江汉,汉口火车站,新华路758号,20206,182,高层
急卖单价低 仁和路 星桥苑 金科城旁 精装大两房 视野无遮挡,2,2,1,100.11,南北,2001,星桥苑小区,洪山,欢乐谷,友谊大道988号,9908,99,中层
锦绣江南 集中供暖 南向三房 有车位 采光无遮挡 产证两年,3,2,1,92.09,南北,2010,统建锦绣江南(二四期),武昌,中北路,中北路126号,21992,203,低层
南北通透 3室2厅 企业力荐好房诚意出售,3,2,2,112.65,南北,2018,清能清江锦城(三期),洪山,白沙洲,白沙四路62号,13942,157,低层
保利清能西海岸 南北通透 精装三房 满二税少 随时看,3,2,1,89.66,南北,2016,保利清能西海岸(北区),江夏,藏龙岛,杨桥湖大道22号,10603,95,低层
精装修 2室2厅 93平 电梯房 南北通透 采光好 周边商圈,2,2,1,93.66,南北,2016,东西湖中心广场,东西湖,吴家山,东吴大道1248号,10150,95,中层
沙湖必看好房 两室精装 国际城一期 中间楼层 随时看房,2,2,1,92.24,南,2001,福星惠誉国际城(1期),武昌,团结大道,徐东大街28号,19088,176,高层
急售汉口北轻轨旁精装修3房2厅，家电齐全拎包入住证满,3,2,1,117.14,南北,2019,滠水春晓二期,黄陂,滠口,睿思路,6916,81,高层
急售！万科滨江 118平米三房 靠谱出售 有钥匙看房方便,3,2,2,118.31,南北,2020,万科新世纪翡翠滨江(二期),汉阳,王家湾,琴台大道,15720,186,中层
美好名流汇  3室 南北通透 电梯房 满二 古田三路轻轨旁,3,2,1,99.11,南北,2017,美好名流汇(一期),硚口,古田,辛家地北路48号,13762,136,中层
正南 3室2厅 精装修,3,2,2,97.28,南,2019,保利新武昌,洪山,白沙洲,张家湾路8号,14275,139,低层
122平190万急售 融侨锦城 精装好三房 南北通透老证税少,3,2,2,121.66,南北,2008,融侨锦城,硚口,古田,解放大道66号,12910,157,低层
正南 3室2厅 企业力荐好房诚意出售,3,2,1,97.55,南,2019,加州橘郡,江夏,庙山,江夏大道49附2号,8305,81,低层
保利香颂精致三房，二桥芳草   位，老证少税可看房，拎包入住,3,2,1,90.62,南北,2019,保利香颂,汉阳,升官渡,四新大道,14595,132,中层
（精准）保利新武昌三居室 带精装 预约随时看 欢迎电话咨询！,3,2,1,94.79,南北,2020,保利新武昌,洪山,白沙洲,张家湾路8号,15086,143,高层
正南 3室2厅 企业力荐好房诚意出售,3,2,2,114.1,南,2018,东方雨林,江夏,庙山,阳光大道,8549,98,低层
正南 3室2厅 精装修,3,2,1,105.12,南,2018,清能清江锦城(三期),洪山,白沙洲,白沙四路62号,13761,145,低层
光谷东新城 璞樾门第109平206万 3000元装修标准,3,2,2,109.84,南,2022,新城璞樾门第,洪山,光谷东,佛祖岭东街4号,15503,170,低层
正南 3室2厅 精装修,3,2,1,111.01,南,2002,江南家园,洪山,光谷软件园,南湖南路8号,14148,157,高层
捡漏！降价20万！清江山水三房 户型方正 业主急售,3,2,1,87.73,南,2009,清江山水,洪山,光谷软件园,软件园中路10号,16018,141,高层
硚口玉带家园84平2室2厅180万 朝南 高层 老证 可看江,2,2,1,84.58,南,2016,玉带家园,硚口,武胜路,京汉大道370-374号,17592,149,中层
正南 3室2厅 精装修,3,2,2,124.64,南,2020,中冶39大街,青山,建设二路,旅大街87号,19432,242,低层
崇安鑫城 友谊路轻轨站旁 精装两室 小区有绿化 大阳台 老证,2,2,1,94.59,南北,2006,崇安鑫城,江汉,前进/江汉,友谊路126号,16167,153,中层
满二   南北通透 3室2厅 精装修,3,2,2,112.89,南北,2016,天祥尚府,洪山,光谷软件园,华师园路3号,16695,188,低层
满五   正南 3室2厅 精装修,3,2,2,127.47,南,2017,恒大龙城(三期),黄陂,盘龙城,兴龙路,6161,79,高层
联投金色港湾  南北通透 精装修 诚心出售,3,2,1,90.25,南北,2015,联投金色港湾,沌口开发区,江汉大学,博学路6号,11724,106,低层
正南 2室2厅 精装修,2,2,1,90.85,南,2013,卧龙丽景湾香山苑,东西湖,金银湖,金南一路特1号,10828,98,中层
万科物业自营，三室二厅二卫精装未住过,3,2,2,117.37,南北,2016,金湖听语,东西湖,金银湖,南一街2号,13240,155,中层
满二   正南 4室2厅 精装修,4,2,2,110.16,南,2011,盘龙理想城(北区),黄陂,盘龙城,巨龙大道,6979,77,高层
正南 2室2厅 精装修,2,2,1,85.02,南,2017,天汇龙城龙锴苑,黄陂,盘龙城,盘龙城巨龙大道90号,7390,63,低层
双地铁 摩尔城旁 精装修 南北通透 满二 配套成熟,3,2,1,106.15,南北,2017,王家湾中央生活区,汉阳,王家湾,汉阳大道,13239,141,高层
广信万汇城，精装婚房，中间楼层，诚心出售，万科物业。,3,2,1,97.3,南,2018,广信万汇城,江夏,庙山,江夏大道14号,10959,107,中层
南北通透 3室2厅 企业力荐好房诚意出售,3,2,2,137.2,南北,2001,青翠苑社区房产院,青山,友谊大道,"青翠苑60-61,76-79门",7351,101,高层
丽水花园 通透大三房 单价才1.18万 老证 前后双阳台 急,3,2,2,156.32,南北,2002,丽水花园,汉阳,钟家村,马沧湖路380号,9783,153,中层
南北通透 3室2厅 精装修,3,2,2,122.93,南北,2015,怡景华庭,汉阳,钟家村,五通路,14928,184,中层
近地铁 万科汉阳国际 老证 朝南,2,2,1,75.02,南,2014,万科汉阳国际B区,汉阳,王家湾,康达街10号,13002,98,中层
宗关 保利香槟国际 三房两厅两卫 房东急置换,3,2,2,120.15,南北,2015,保利香槟国际,硚口,宗关,汉西一路49号,17544,211,高层
恒大城 老证 单价低 总价低 税费低 东南看湖,2,2,1,84,南北,2015,武汉恒大城(二期),东西湖,金银湖,柏环一路,7676,64,高层
满五唯一 正南 2室2厅 精装修,2,2,1,86.81,南,2015,保利中央公馆(G1-G16栋),洪山,新南湖,丁字桥南路558号,16663,145,低层
青山江滩旁，大华滨江天地，精装修，大两房，,2,2,1,96.45,南北,2015,大华铂金郦府,青山,余家头,旅大街21号,16455,159,高层
捡漏！有钥匙一口价112万，低于市场价中高层无遮挡随时看,3,2,2,99.18,南北,2018,保利清能西海岸(南区),江夏,藏龙岛,杨桥湖大道,9585,95,高层
汉北玺园 电梯房 满二  住房 97平 3室2厅 房东急置换,2,2,1,81.54,南,2017,汉北玺园,黄陂,武湖,汉口北大道,6590,54,低层
保利香颂 房子自住大三室 二次装修家具家电全送 性价比超高,3,2,2,124.11,南北,2020,保利香颂,汉阳,升官渡,四新大道,15185,188,低层
业主急售 满五唯一 4房2厅2卫3阳台 见面价格可谈,4,2,2,136.5,南北,2015,星悦城(四期),江岸,后湖,春兰街66号,15685,214,中层
正南 3室2厅 企业力荐好房诚意出售,3,2,1,95.74,南,2018,金科城,洪山,欢乐谷,仁和路98号,13642,131,高层
珞狮南路 地铁口 明泽丽湾 118平168万 精装修 满五年,3,2,1,117.52,南北,2006,明泽丽湾,洪山,珞狮南路,珞狮路515号,11817,139,高层
顶琇晶城汉口火车站电梯房 共享CBD和天街,3,2,2,115.4,南,2009,顶琇晶城,江汉,唐家墩,发展大道299号,14685,169,低层
前排一线江景，东南朝向大2房，楼层佳采光无挡,2,2,2,108,东南,2005,江山如画(1期),硚口,崇仁路,沿河大道236附6号,14925,161,中层
地铁三号线精装3室2厅1卫150万元急售,3,2,1,92,南,2017,绿地悦澜湾,汉阳,四新,四新北路601号,13478,124,低层
捡漏地铁口带露台 单价8000电梯房 谁是可看,3,2,2,129.96,南北,2008,海景花园(C区),东西湖,吴家山,二雅路50号,6870,89,低层
（可芳草二桥）（稀缺大院子（还可扩）（精装20w，保养新）,3,2,2,137.73,南,2008,南国明珠(二期),汉阳,王家湾,龙阳大道95号,14104,194,低层
联投金色港湾  电梯洋房 户型方正  朝南采光好,3,2,1,90.88,南,2018,联投金色港湾,沌口开发区,江汉大学,博学路6号,14553,132,高层
万科四季花城 复试楼 前后视野开阔，带大露台,4,2,2,107.66,南北,2004,万科四季花城,东西湖,金银湖,金山大道特18号,12669,136,共5
正地铁口 中心花园小区电梯小高层两梯四户 等同毛坏房,3,2,2,138.84,南,2005,光谷中心花园,洪山,光谷广场,珞喻路,13396,186,中层
好便宜啊 人信汇旁 正规商品房   户型 南北通透双阳台,2,2,1,89.38,南北,2008,新澳蓝草坪,汉阳,王家湾,龙阳大道66号,11098,99,高层
出门地铁口  老证 不临街 无遮挡 精装两房  中高楼层,2,2,1,82.93,南,2011,幸福时代(一二期),江岸,百步亭,后湖大道335号,13855,115,中层
南北通透 4室2厅 精装修,4,2,2,144.16,南北,2013,南德国际城,黄陂,前川,百泰路186号,10322,149,低层
780w泛海国际碧海园 精装修南北通透四房四卫 楼层好 老证,4,3,4,260.15,南北,2016,泛海国际居住区碧海园,江汉,王家墩CBD,商务东路88号,25006,651,高层
中高楼层 采光好 户型好 满二 精装修 诚心卖,3,2,2,115.26,南,2018,华乐苑,洪山,光谷广场,珞喻路714号,12192,141,高层
江山如画挂角边户南北向中间楼层，证满税少急售,3,2,2,117.93,南,2003,江山如画(5期),硚口,崇仁路,江中路71号,18575,219,低层
满五   南北通透 3室2厅,3,2,1,117.7,南北,1997,卓刀泉教师小区,洪山,卓刀泉,卓刀泉路99号,13695,161,中层
正南 3室2厅 企业力荐好房诚意出售,3,2,2,120.15,南,2014,城投瀚城璞岸,洪山,卓刀泉,雄楚大道450号,17750,213,高层
（业主亏本卖）汉广旁地铁口大4房 边户南北通透 比龙湖江印香,4,2,2,137.74,南,2022,汉悦府坤璟,江岸,百步亭,后湖大道188号,20764,286,高层
近轻轨站 华发都荟天地旁 次新小区 电梯通透3房 双卫,3,2,2,137.84,南北,2019,辛鑫绣城,硚口,古田,古田路57号,8996,124,中层
保利拉菲 全明户型 无暗房 看房方便 有钥匙,3,2,1,91.27,南北,2013,保利拉菲,洪山,卓刀泉,楚康路301号,16302,149,高层
精装修 南北通透 清能清江锦城(三期) 98平 诚心出售,3,2,1,98.82,南北,2020,清能清江锦城(三期),洪山,白沙洲,白沙四路62号,13803,136,低层
正南 3室2厅 精装修,3,2,1,91.01,南,2014,世茂锦绣长江(4期),汉阳,鹦鹉,滨江大道192号,16803,153,低层
电梯房 137平 南湖九玺 4室2厅 看房方便 有钥匙,4,2,2,137.82,南北,2019,南湖九玺,洪山,珞狮南路,幸福路,23091,318,高层
2室1厅 精装修 68平 电梯房 楼层好 视野无遮挡,2,1,1,68.22,北,2003,崇仁新都,硚口,崇仁路,中山大道192号,13693,93,低层
正南 3室2厅 精装修,3,2,1,94.15,南,2018,天纵城,黄陂,盘龙城,盘龙一路,9096,85,高层
长青壹号  三房两卫 全新精装 双地铁口 诚心出售 随时看房,3,2,2,113.57,南北,2020,长青壹号(南区),东西湖,常青花园,常青花园中路,15430,175,中层
保利城 3室2厅 120.85平,3,2,2,120.85,东南,2006,保利城一期,洪山,铁机路,团结大道1049号,16963,205,中层
正南 3室2厅 精装修,3,2,1,93.75,南,2016,绿地派克公馆,青山,和平大道,和平大道1650号,10580,99,低层
广益天下(南区) 满二 87平 南北通透 2室2厅 楼层好,2,2,1,87.09,南北,2012,广益天下(南区),江汉,前进/江汉,民权路146号,17085,149,中层
水墨兰轩 地铁口 电梯洋房 老证中层 公摊小,2,2,1,88.58,南,2010,中大水墨兰轩,汉阳,王家湾,芳草路66号,13531,120,中层
万科玉玺滨江急售！诚心卖！正规通透四房两厅两卫，拎包入住看江,4,2,3,220.32,南北,2021,伟鹏万科御玺滨江,江岸,二七路,解放大道1568号,38835,856,高层
满二唯一 南北通透 4室2厅 精装修,4,2,2,106.2,南北,2009,清江山水,洪山,光谷软件园,软件园中路10号,15957,169,高层
满五   南北通透 3室2厅,3,2,2,104.62,南北,2015,天纵水晶郦都,江夏,东湖高新,光谷一路,9877,103,低层
南北通透 3室2厅 企业力荐好房诚意出售,3,2,2,130.18,南北,2018,联投龙湾(三期),江夏,文化大道,武昌大道,7620,99,低层
电梯房 南北通透 永利新城东苑 精装修 楼层好 视野无遮挡,3,2,1,92.46,南北,2017,永利新城东苑,硚口,古田,长安路18号,11176,103,中层
7号线 中环星干线 老证 朝南两房 大兴路一初,2,2,2,88.83,南,2011,中环星干线,江汉,杨汊湖,江达路50号,9212,82,低层
梦湖水岸 阳光大花园 满五   三房两厅两卫 朝南 保养好,3,2,2,140.98,南,2005,梦湖水岸,武昌,积玉桥,友谊大道318号,22281,314,低层
福星二期 中间楼层，精装老证未入住 性价比高诚心卖,3,2,1,97.66,南,2013,福星华府誉境,江汉,杨汊湖,姑嫂树路99号,15236,149,中层
武汉地产集团开发，精装交付品质高，小区环境优雅,3,2,2,114.17,南,2021,汇悦天地(三期),江岸,后湖,和谐大道596号,13756,157,高层
正南 2室2厅 企业力荐好房诚意出售,2,2,1,80.1,南,2018,福星惠誉东湖城(二期),洪山,欢乐谷,园林路169号,15996,128,低层
天街旁 自带商圈 双轨交通  育才系  诚心出售,3,2,1,101.33,南北,2018,福星惠誉榜样,江岸,百步亭,后湖大道328号,13868,141,高层
（捡漏的房子）后湖大平层4房3阳台 送个阳光房 出价就可以卖,4,2,2,162.96,南,2016,百步亭金桥汇(二期),江岸,后湖,华隆路79号,13594,222,高层
新上捡漏电梯房 2008城市花园101平精装仅售105万老证,2,2,1,100.36,南北,2008,2008城市花园,硚口,古田,长丰大道99号,8649,87,中层
正南 2室2厅 精装修,2,2,1,70.19,南,2020,中海澳门佳园,江岸,江汉路,解放大道,26439,185,低层
小家碧玉舒适温馨 全朝南的  户型 视野开阔 老证 看房方便,2,2,1,87.31,南,2008,福星惠誉福星城(南区),江汉,汉口火车站,常青一路2号,12782,112,高层
八号线地铁口文昌路站旁珞珈雅苑精装两房产证满二中高层采光好,2,2,1,89.41,南北,2014,珞珈雅苑,洪山,新南湖,书城路369号,13775,123,高层
江汉区福星华府东区福星大兴学校正南性价比高 2室2厅 精装修,2,2,1,87,南,2016,福星华府(东区),江汉,杨汊湖,新湾路23号,13663,118,低层
保利上城西区，双卫双阳台，中庭边户，产证满二,3,2,2,109.77,南北,2019,保利上城西区,洪山,白沙洲,峰胜路20号,13932,153,低层
满五  无抵押 四房 一手房东  好楼层钥匙在手,4,2,2,142.09,南北,2012,保利华都,洪山,卓刀泉,虎泉街299号,23736,337,中层
正南 3室2厅 精装修,3,2,2,126.31,南,2021,东原启城(三四期),洪山,白沙洲,烽胜路,11715,148,低层
万科汉口传奇精装三房俩卫 老证高层视野日照好 户型经典,3,2,2,96.09,南,2016,万科汉口传奇,江汉,汉口火车站,常青一路218号,19356,186,高层
有车位 5楼好房 三房朝南 采光充足 欢迎看房 阳光花园,3,2,2,112.88,南北,2005,阳光花园(新湾五路),江汉,杨汊湖,新湾五路105号,13914,157,高层
南北通透 3室2厅 精装修,3,2,1,94.74,南北,2015,国际百纳,江岸,后湖,中一路36号,18148,172,高层
送保姆间户型！硚口人气小区融侨锦城 南北通透 老证  电梯,3,2,2,133.92,南北,2008,融侨锦城,硚口,古田,解放大道66号,12956,173,高层
有钥匙老证 龙阳一号中高层楼层好看湖视野佳诚意出售,2,2,1,89.18,南,2015,龙阳1号,汉阳,王家湾,芳草路88号,13069,117,中层
房源采光好，南北通透，业主诚意出,3,2,1,91.9,南北,2014,武湖新天地(北区),黄陂,武湖,武黄路,6476,60,高层
南北通透 2室2厅 精装修,2,2,1,90.03,南北,2015,长航蓝晶国际A区,洪山,关山,高新大道116号,18823,169,中层
湖景佳园 一站式教育 湖景房,3,2,2,126.63,南北,2018,湖景佳园,黄陂,汉口北,解放大道,4439,56,中层
正南 2室2厅 企业力荐好房诚意出售,2,2,1,92.05,南,2012,铂金天地,武昌,团结大道,沙湖路9号,14818,136,高层
电梯房 王家湾中央生活区 3室2厅 93平 采光好 周边商圈,3,2,1,93.42,南北,2015,王家湾中央生活区,汉阳,王家湾,汉阳大道,12830,120,低层
万科汉口传奇悦庭 精装三房 采光充足 房子诚心出售,3,2,1,88.43,南,2017,万科汉口传奇悦庭,江汉,汉口火车站,新华路699号,18695,165,低层
万科金色家园，正规两居室，高楼层 满五  ，诚售208万,2,1,1,85.68,东,2011,万科金色家园(三期),江汉,前进/江汉,京汉大道701号,20067,172,高层
满五   南北通透 2室2厅,2,2,1,103.04,南北,2005,盛泰苑(东区),蔡甸,蔡甸城区,汉乐路,4412,45,高层
85平 东原湖光里 南北通透 满二  住房 精装修 房东急置,3,2,1,85.93,南北,2017,东原湖光里,洪山,白沙洲,黄家湖大道501号,11159,96,中层
正南 3室2厅 精装修,3,2,2,126.08,南,2019,世茂云锦玉海园,洪山,白沙洲,白沙五路,11801,149,高层
满二 小高层精装2室2厅  朝南 招商公园1872 楼层好,2,2,1,81.23,南,2015,招商公园1872茂园,汉阳,四新,江城大道288号,15773,128,高层
万科自营 ，经典三房，88平 保养非常好，抢手户型,3,2,1,88.47,南,2012,万科汉阳国际A区,汉阳,王家湾,康达街18号,14193,125,低层
8号线11号线双地铁口 满二 两房朝南  南北通透 楼层好,2,2,1,68.62,南北,1998,马房山教师小区,洪山,街道口,珞狮路395号,12287,84,低层
小高层，一线湖景无遮挡，小区低密度，人车分流,3,2,2,113,南,2018,钰龙旭辉半岛一期,汉阳,七里庙,麒麟路1号,15362,174,中层
正南 3室2厅 精装修,3,2,1,101.89,南,2021,御江壹品青山樽,青山,建设二路,建设二路,17930,183,低层
南北通透 电梯房 满五 保利华都 采光好 两房改三房 楼层好,2,2,1,91,南北,2008,保利华都,洪山,卓刀泉,虎泉街299号,22527,205,高层
小高层带电梯，中间楼层，低价处理，随时看房,4,2,2,148.29,南北,2008,美林青城,洪山,铁机路,纺机路20号,17169,255,中层
二手房，房东亏本60万，永旺正对面，地铁6号线50米，懂的来,3,2,2,129.98,南北,2020,禹洲朗廷元著,汉阳,四新,江城大道,11129,145,高层
难得一见的光明上海  精装小户型 总价低，朝向好！,3,2,2,121.18,南北,2018,光明上海府邸,汉阳,四新,四新北路319号,12278,149,高层
（新上）新小区满两年20楼清水毛坯三房满两年首付两成,3,2,1,88.75,南,2018,东方雨林,江夏,庙山,阳光大道,8718,77,高层
满五   正南 3室2厅 精装修,3,2,1,107.97,南,2017,宝业光谷丽都,洪山,光谷软件园,龙城路9号,15924,172,低层
金地格林小城 通透三房 居家自住装修 满五年 随时能看房,3,2,2,131.58,南北,2000,金地格林小城梦茵区,洪山,珞狮南路,文昌路90号,18846,248,高层
满二   正南 2室2厅 精装修,2,2,1,104.61,南,2011,城投瀚城,洪山,卓刀泉,雄楚大道450号,17779,186,中层
金地澜菲溪岸J8地块 南北通透 精装修 满二 诚心出售,3,2,1,92.62,南北,2016,金地澜菲溪岸J8地块,汉阳,四新,江城大道388号,12049,112,高层
二环老证龙湖天街旁双地铁精装修单价总价都低红桥城,3,2,1,91.35,南,2014,福星惠誉红桥城,江岸,后湖,汉黄路6号,12487,114,高层
老证 邻永旺近2号地铁 电梯小高层三房 南北通透 人车分流,3,2,2,132,南北,2014,美联奥林匹克花园(一期),东西湖,常青花园,奥园西路2号,10332,136,低层
南北通透 3室2厅 企业力荐好房诚意出售,3,2,2,144.67,南北,2019,首地云梦台,江岸,后湖,华岭路66号,14399,208,高层
诚售 洺悦府 豪华装修未住过 东边户 老证税少 随时看,3,2,2,135.53,南北,2019,洺悦府,硚口,古田,古田五路,19213,260,低层
正南 3室2厅 企业力荐好房诚意出售,3,2,2,118.65,南,2019,喜瑞都,洪山,白沙洲,白沙三路,12889,153,中层
南北通透 3室2厅 企业力荐好房诚意出售,3,2,1,86.95,南北,2022,大华锦绣时代(一期),青山,建设二路,建设三路36号,15686,136,低层
南北通透 3室2厅 精装修,3,2,2,111.71,南北,2021,东原启城(三四期),洪山,白沙洲,烽胜路,12579,141,中层
必看好房 福星华府东区 毛坯大三房 大兴实验 老证急售,3,2,2,124.09,南北,2011,福星华府(东区),江汉,杨汊湖,新湾路23号,12590,156,高层
房东急售 随时看房 精装两房 拎包入住,2,2,1,86,南北,2015,清江锦城玺园,洪山,白沙洲,烽胜路55号,13360,115,中层
满五   正南 3室2厅,3,2,1,99.67,南,2007,领秀城(一期),洪山,卓刀泉,雄楚大道489号,19738,197,高层
天津院南北通透3房 大阳台 天然气 天津路沿江大道口 老证,3,2,1,121.19,南,1999,天津院小区,江岸,江汉路,天津院1-7号,15688,190,低层
长江新区D铁口，中间楼层三房两卫，大横厅，双阳台,3,2,2,97.65,南北,2013,翰林雅居,黄陂,武湖,庙咀路,6349,62,中层
南北通透 三房两卫精装修 楼层好 视野无遮挡,3,2,2,118.77,南北,2023,万科新世纪翡翠滨江(三期),汉阳,郭茨口,琴台大道888号,16356,194,中层
汉北   精装两房仅售70W 证满 下楼就是商业街   楼层,2,2,1,83.74,南北,2014,凌峰汉北首府,黄陂,滠口,汉口北大道,6910,58,高层
中建星光城一期 126平 一梯一户 进门送6平方入户 随时看,3,2,2,126.32,南北,2022,中建星光城(一期),洪山,光谷东,光谷三路59号,15051,190,高层
正南 2室2厅 精装修,2,2,1,77.14,南,2019,保利新武昌,洪山,白沙洲,张家湾路8号,17253,133,中层
必卖好房 小三房的价格买大三房 诚心出售随时可看,3,2,1,90,南,2016,纽宾凯国际社区蜜城,汉阳,四新,芳草路,13318,120,高层
金融港软件园附近，2号线地铁口，朝南满五唯一，急售随时看房,3,2,1,109.45,南,2009,藏龙星天地,江夏,藏龙岛,九凤街16号,11027,121,中层
正南 2室2厅 企业力荐好房诚意出售,2,2,1,98.29,南,1997,卓刀泉教师小区,洪山,卓刀泉,卓刀泉路99号,13960,137,中层
5号地铁线旁大品牌电梯房 南看东湖北看江 户型通透,3,2,2,118.87,南北,2016,绿地派克公馆,青山,和平大道,和平大道1650号,9388,112,高层
正南 2室2厅 精装修,2,2,1,80.18,南,2015,中建开元公馆,青山,建设二路,建设二路11号,15980,128,低层
华润一期北区 精装满二 中间楼层采光好 挂东头大两房,2,2,1,82,南北,2018,华润翡翠城(一期北区),硚口,硚口周边,城华路6号,11593,95,中层
新城璟悦城 4房2卫 南北通透 精装修 12号线地铁口  旁,4,2,2,140.29,南北,2016,新城璟悦城,汉阳,四新,四新中路,11490,161,低层
金地商圈 近地铁 复式楼 通透户型 两房朝南 精装 满五,4,2,1,96.43,南,2004,金鹤园(北区),洪山,欢乐谷,祥丰路138号,8744,84,高层
万科悦庭性价比满二小三房,3,2,1,88.38,西,2018,万科汉口传奇悦庭,江汉,汉口火车站,新华路699号,17303,153,低层
（人气好房）王家湾地铁 繁华地段 次新小区 精装三房 老证,3,2,1,106.13,南,2017,王家湾中央生活区,汉阳,王家湾,汉阳大道,13864,147,中层
5号地铁口 派克公馆 精装三室 楼层采光视野好,3,2,1,94.62,南北,2020,绿地派克公馆,青山,和平大道,和平大道1650号,9960,94,低层
新出清江山水3期，好地段精装修，必看好房，懂得来，必入！,2,2,1,80.37,南北,2016,清江山水,洪山,光谷软件园,软件园中路10号,15942,128,高层
东原晴天见南北通透大三房 容积率低 车位充足 小区环境好,3,2,2,115.33,南北,2017,东原晴天见,洪山,新南湖,南湖小路28号,15052,174,高层
必看好房 印力中心 中层两室 证满二 随时可带看,2,2,1,84.28,南北,2016,印力中心,青山,冶金大道,"冶金大道,近和平大道",15203,128,中层
满二唯一 正南 3室2厅 精装修,3,2,1,86.21,南,2013,大华铂金华府,青山,余家头,园林路25号,15725,136,低层
3室1厅 长宏公寓 满二 91平 采光好 对棋盘街小粮道街中,3,1,1,91.67,南北,2002,长宏公寓,武昌,粮道街,涵三宫15-19号(单号),14427,132,中层
正南 3室2厅 精装修,3,2,2,116.8,南,2019,尚璟瑞府(二期),黄陂,盘龙城,宾连路,7785,91,低层
3室2厅 精装修 企业力荐好房诚意出售,3,2,2,178.35,东北,2021,伟鹏万科御玺滨江,江岸,二七路,解放大道1568号,34761,620,低层
关山万科城花璟苑 品质精装三房 边户满二 诚心出售,3,2,2,111.36,南,2015,万科城花璟苑,洪山,光谷软件园,关南园路,22121,246,高层
懂的都懂！融公馆二期好楼层这个户型三房只242万老证还谈什么,3,2,2,122.47,南北,2017,融创融公馆(二期),江岸,后湖,青松路259号,16334,200,高层
地铁口 对面 新小区 当代国际城  满二 无贷   十五小,3,2,1,112.7,东南,2017,当代国际城,江夏,金融港,高新六路9号,17970,203,中层
地铁口150米，单价6800，证满五年，看湖楼层,3,2,2,130.46,南北,2018,中国核建锦城,蔡甸,蔡甸城区,汉阳大道,5703,74,高层
满二 山海观 精装三房两卫 南北通透双阳台 中间楼层 视野好,3,2,2,119.98,南,2020,山海观,黄陂,盘龙城,机场高速,7303,88,中层
正南 3室2厅 企业力荐好房诚意出售,3,2,2,126.84,南,2016,南湖时尚城,洪山,光谷软件园,南湖大道116号,12057,153,低层
正南 3室2厅 精装修,3,2,1,93.3,南,2017,中国铁建梧桐苑,江夏,金融港,民族大道324号,16391,153,高层
光谷核心 保利开发 保利华都 精装三房 满五   业主急售,3,2,2,113,南北,2008,保利华都,洪山,卓刀泉,虎泉街299号,25237,285,高层
满两年 87平 南北通透 保利海上五月花 精装修 居家自住,3,2,1,86.61,南北,2012,保利海上五月花(一期),江夏,庙山,江夏大道31号,9545,83,高层
金银潭地铁口永旺旁 精装3室出售 楼层采光好 衣柜已定制,3,2,1,98.73,南,2019,美联奥林匹克花园六期,东西湖,将军路,奥园东路,15071,149,高层
南北通透 3室2厅 企业力荐好房诚意出售,3,2,2,122.31,南北,2016,碧桂园生态城左岸,洪山,光谷东,夏芒路28号,11152,136,低层
保利时代南区自住精装大2房 关山大道品质热门小区 随时看房,2,2,1,79.77,南北,2020,保利时代(南区),洪山,关山,新竹路18号,24041,192,中层
世茂5期，急售，老证，中高层，精装，视野好，江景房,3,1,1,90.39,南,2006,世茂锦绣长江5期,汉阳,钟家村,滨江大道193号,18198,164,高层
满二唯一 正南 3室2厅 精装修,3,2,2,126.18,南,2017,恒大龙城(三期),黄陂,盘龙城,兴龙路,6223,79,高层
桥西社区57平2室仅售80万，近玫瑰园小学和二桥初中,2,1,1,57.76,南北,1994,桥西社区,汉阳,王家湾,知音路,11449,66,高层
联投金色港湾 精装3房 老证 高层采光通风好 视野开阔,3,2,1,95.72,南北,2017,联投金色港湾,沌口开发区,江汉大学,博学路6号,12522,120,高层
正轻轨口次新小区，环境优雅出门及江滩，毛坯想象空间大，有钥匙,3,2,2,124.98,南北,2018,汉江湾壹号(一期),硚口,古田,工农路108号,11112,139,低层
联投汉口郡(四期)御湖140.96平109万3室2厅2卫,3,2,2,140.96,南北,2022,联投汉口郡(四期)御湖,黄陂,武湖,武黄路,6216,88,高层
金地自在城(西区) 84平大两房 精装修 电梯房 看房有钥匙,2,2,1,84.42,南,2017,金地自在城(西区K2),洪山,欢乐谷,丰园路8号,16254,137,中层
2室2厅 精装修 电梯房 千禧城 朝南 房东急置换 诚意买房,2,2,1,84.46,南,2018,千禧城,硚口,古田,南泥湾大道106号,14485,122,低层
房东急售！急售！ 精装修 产证满5年 看房有钥匙,3,2,2,127.24,南北,2006,南国明珠(一期),汉阳,王家湾,龙阳大道33号,14098,179,中层
金银潭地铁口 永旺旁 南北通透两房 自带常青树 凤凰楼层,2,2,1,95.86,南,2006,常青花园五小区,东西湖,常青花园,学府北路111号,15522,149,高层
南北通透 4室2厅 企业力荐好房诚意出售,4,2,2,159.14,南北,2021,临空香廷,黄陂,盘龙城,城东路,6493,103,中层
天汇龙城 一线看湖 毛坯房随心装饰 老证无贷交易简单,3,2,2,116.67,南北,2019,天汇龙城龙湖苑,黄陂,盘龙城,腾龙大道,6873,80,高层
地铁口精装修三房，凤凰楼层，视野开阔，二次装修，满二，诚心卖,3,2,2,108.36,南北,2018,东原启城(二期),洪山,白沙洲,烽胜路,13884,150,高层
正南 3室2厅 精装修,3,2,1,87.48,南,2015,佳兆业金域天下(三期),洪山,白沙洲,烽胜路36号,15402,135,高层
老证 万科金域蓝湾 3室2厅1卫 156万 90平 随时看房,3,2,1,89.66,南,2018,万科金域蓝湾,沌口开发区,江汉大学,三角湖路8号,14383,129,低层
正南 2室2厅 精装修,2,2,1,93.59,南,2005,新华家园,江汉,杨汊湖,姑嫂树路11号,12895,121,高层
正南 3室2厅 精装修,3,2,2,128.52,南,2021,东原启城(三四期),洪山,白沙洲,烽胜路,11706,150,高层
正南 2室2厅 企业力荐好房诚意出售,2,2,1,89.46,南,2004,名流人和天地怡和园,黄陂,盘龙城,巨龙大道88号,6006,54,低层
正南 3室2厅 精装修,3,2,2,138.53,南,2010,锦绣龙城(G区),洪山,光谷软件园,龙城路1号,13008,180,高层
湾郡 联排别墅 已改造 地上四层 带地下室及车位 随时可看,6,3,3,132.07,南北,2011,湾郡(别墅),洪山,光谷软件园,保利北路2号,28165,372,共1
汉桥城中花园 精装修三房两厅 拎包入住 钥匙在手 随时看房,3,2,1,90,南北,2018,汉桥城中花园D区,汉阳,七里庙,汉桥路,10562,95,高层
首地老证过户， 边户南北双阳台，随时看房,3,2,2,145.29,南北,2019,首地云梦台,江岸,后湖,华岭路66号,13939,203,低层
新奥依江畔园 精装修 满五 84平 2室1厅 楼层好 诚意卖,2,1,1,84.29,南北,2007,新奥依江畔园,青山,红钢城,临江大道868号,12553,106,低层
朋友委托出售 满二精装 江南御景 三室两厅 税费少,3,2,1,93.01,南,2018,铁投江南御景,青山,冶金大道,鄂州街5号,15376,143,高层
正南 2室2厅 企业力荐好房诚意出售,2,2,1,82.2,南,2004,保利花园(东区),洪山,关山,光谷大道219号,15587,128,高层
地铁口 满二 毛坯三居室 可随时看房,3,2,1,89.15,南,2014,佳兆业金域天下(二期),洪山,白沙洲,烽胜路36号,14094,126,中层
（新上好房）地铁口 水墨清华 南北通透 芳草二桥 一线湖景,3,2,2,104.53,南北,2013,水墨清华,汉阳,王家湾,芳草路61号,14946,156,高层
宁康园 凯旋苑 装修三室两厅一卫  南北通透 老证 上神龙,3,2,1,106.5,南北,2008,宁康园,沌口开发区,体育中心,泰康道69号,13428,143,低层
万科自营四季花城精装一楼大院子四室两厅两卫位置好出售,4,2,2,155.2,南,2005,万科四季花城,东西湖,金银湖,金山大道特18号,14114,219,共5
3室2厅 嘉禾园 南北通透 精装修 看房方便 有钥匙,3,2,2,123.97,南北,2006,嘉禾园,东西湖,吴家山,东吴大道1215号,6335,79,中层
正南 3室2厅 精装修,3,2,2,86.88,南,2004,金湖家园,东西湖,金银湖,金山大道152号,13321,116,高层
上井小，崇仁路地铁口，精装修，拎包入住，诚心出售,3,2,1,103.31,南,2005,集贤书香苑,硚口,武胜路,崇仁小路3号,16482,170,中层
保利花园(东区)光谷核心地段，业主急售，看房方便，价格可谈！,3,2,2,122.25,南北,2011,保利花园(东区),洪山,关山,光谷大道219号,15214,186,中层
湖北经济学院洪山  宿舍，南北通透 安静 视野开阔,2,1,1,74.39,南北,1995,湖北经济学院洪山校区职工宿舍,洪山,广埠屯,珞喻路33号,20001,149,高层
光谷三路 生物创新园 省妇幼旁 中建星光城一期 地铁700米,3,2,1,97.03,南北,2022,中建星光城(一期),洪山,光谷东,光谷三路59号,15761,153,高层
正南 3室2厅 企业力荐好房诚意出售,3,2,1,96.71,南,2020,招商一江璟城(北区),青山,红钢城,建设六路5号,15813,153,低层
20W可以买 电梯房 满两年 旭辉御府 82平 房东急售,3,2,1,82,南,2017,旭辉御府,江夏,东湖高新,高新四路,12601,103,低层
南国明珠(三期) 南北通透 洋房公摊小 可以二桥和芳草,2,2,1,84.77,南北,2016,南国明珠(三期),汉阳,王家湾,龙珠路,15407,131,高层
3室2厅 企业力荐好房诚意出售,3,2,1,125.49,东,2006,东湖名邸,武昌,东亭,东湖路,13503,169,低层
保利五月花，装修保养好，满二年，诚心卖，价格可以谈,3,2,1,86,南北,2014,保利海上五月花(一期),江夏,庙山,江夏大道31号,9131,79,低层
朝南 星悦城一期 电梯房 2室2厅 精装修 80平 房东急置,2,2,1,80.31,南,2013,星悦城一期,江岸,后湖,塔子湖西路1号,14616,117,高层
南北通透 3室2厅 精装修,3,2,2,116.52,南北,2018,东原启城(一期),洪山,白沙洲,烽胜路66号,12628,147,低层
必看好房 错过拍大腿 保利拉菲 精装三开间朝南 满五唯一,3,2,1,92.21,南北,2012,保利拉菲,洪山,卓刀泉,楚康路301号,16315,150,低层
精装修 三开间朝南   居家自住 保养好 急售价格惊爆,2,2,1,91.41,南,2015,越秀星汇君泊一二期,江岸,后湖,塔子湖东路18号,15013,137,高层
经典爱家华城2室2厅1卫！精装修！两证齐全！,2,2,1,78.91,南北,2016,爱家名校华城,洪山,白沙洲,白沙洲大道5号,7857,62,高层
（急出）地铁口，保利上城东区，精装三房，中间楼层,3,2,1,95.19,南北,2018,保利上城东区,洪山,白沙洲,烽胜路20号,13547,129,低层
正南 3室2厅 企业力荐好房诚意出售,3,2,1,93.95,南,2018,福星惠誉东湖城(二期),洪山,欢乐谷,园林路169号,15838,149,中层
105平 133万 2室2厅 南北通透 满五 青年广场采光好,2,2,1,105.58,南北,2000,青年广场,江汉,万松园,青年路284号,10804,114,中层
急售捡漏 蓝光 带暖气精装三房 老证 拎包入住 看房预约,3,2,2,116.06,南,2017,蓝光林肯公园,硚口,古田,长谊路,9971,116,低层
宁寄人篱下不可无家可归..,2,2,1,91.84,南,2014,汉北广场,黄陂,滠口,汉口北大道,6931,64,中层
保利五月花，通透四房，业主急售，满二年，随时看房,4,2,2,120.05,南北,2014,保利海上五月花(一期),江夏,庙山,江夏大道31号,8180,98,低层
后湖核心！ 新装一天未住！行知加六中 小高层低公摊 双地铁口,3,2,2,102.64,南,2010,天伦二七嘉园我的寓所,江岸,后湖,兴业南路9号,15141,155,低层
好赞好房 带私家车位 二小加实验 精装两房带书房,2,2,1,92.1,南北,2013,现代森林小镇,江夏,东湖高新,光谷大道120号,19297,178,低层
"保利香颂精致三房，二桥芳草一步到位，拎包入住,好楼层大阳台",3,2,1,93.77,南北,2019,保利香颂,汉阳,升官渡,四新大道,14281,134,中层
轻轨沿线 美好名流汇二期毛坯3房 通透户型 证齐全 随时看房,3,2,2,111.79,南北,2019,美好名流汇(二期),硚口,古田,解放大道48-8号,12940,145,中层
一线湖景 中大水墨兰轩 上芳草和二桥 12号线地铁口 有钥匙,3,2,2,108.38,南北,2010,中大水墨兰轩,汉阳,王家湾,芳草路66号,12890,140,中层
盘龙城中百仓储，凤凰层南北通透，精装三房，证满五,3,2,2,111.9,南北,2004,名流人和天地怡和园,黄陂,盘龙城,巨龙大道88号,6353,71,高层
正南 2室2厅 精装修,2,2,1,84.28,南,2016,印力中心,青山,冶金大道,"冶金大道,近和平大道",16576,140,低层
满二唯一 南北通透 3室2厅 精装修,3,2,1,84,南北,2016,保利上城东区,洪山,白沙洲,烽胜路20号,12990,109,低层
2室2厅 人信汇天誉 商圈成熟 随时看房 价格可议 诚意出,2,2,1,83.16,南,2019,人信汇天誉,汉阳,王家湾,龙阳大道62号,13121,109,低层
白沙洲 地铁5号线 保利上城 精装3房 诚心出售,3,2,2,103.78,南北,2019,保利上城西区,洪山,白沙洲,峰胜路20号,13541,141,中层
正南 3室2厅 精装修,3,2,2,107.82,南,2017,美联德玛假日(二期),东西湖,吴家山,黄狮海东路,8434,91,中层
恒大帝景3室2厅 精装修电梯房南北通透 采光好 周边商圈成熟,3,2,2,130.28,南北,2016,武汉恒大帝景,东西湖,吴家山,金山大道889号,9645,126,中层
南北通透 3室2厅 企业力荐好房诚意出售,3,2,2,136.13,南北,2007,洪福美邻,青山,建设二路,吉林街16号,14088,192,低层
"难得一见的豪装小户型,总价低,朝向好",3,2,2,118.4,南北,2018,光明上海府邸,汉阳,四新,四新北路319号,13474,160,高层
正南 3室2厅 企业力荐好房诚意出售,3,2,1,94.74,南,2015,国际百纳,江岸,后湖,中一路36号,15705,149,高层
玫瑰湾二期 中高层精装三房两厅 户型方正采光好  洪山三小,3,2,2,123.17,南,2010,泰然南湖玫瑰湾二期红玫苑,洪山,珞狮南路,苫风咀8号,13087,161,中层
正南 3室2厅 精装修,3,2,2,111.25,南,2012,珩生领袖城,黄陂,盘龙城,盘龙大道,6613,74,高层
华润葛洲坝琨瑜府 毛坯房 随时看房,3,2,2,117,南北,2019,琨瑜府(三期),洪山,关山,光谷创业街,20842,244,高层
精装 拎包住 下楼就是   四期 送车位 家电 老证,2,2,1,91.56,南,2005,新华家园,江汉,杨汊湖,姑嫂树路11号,16702,153,中层
十里玫瑰 精装修三房两厅 拎包入住 老证税低 随时看房 急售,3,2,1,98.81,南北,2018,十里玫瑰(三期),汉阳,七里庙,玫瑰街,9788,97,高层
精装修 满二 大华南湖公园世家中区 电梯房 居家自住 保养好,2,2,1,73.5,南北,2012,大华南湖公园世家中区,洪山,珞狮南路,文馨街162号,18670,137,高层
地铁口50米 电梯房 金融港百度百捷 小区必看的一套房,3,2,2,130.64,南,2009,藏龙星天地,江夏,藏龙岛,九凤街16号,10124,132,高层
军运村地铁站旁 南北通透三房直降拾伍万急甩,3,2,2,108.01,南北,2022,武汉融创城,江夏,文化大道,黄家湖大道,9628,103,低层
满二唯一 正南 2室2厅 精装修,2,2,1,83.35,南,2014,恒大龙城(一期),黄陂,盘龙城,航城东路19号,6943,58,共5
建二众园商圈 吾行里 南北通透 109平 居家自住 保养好,3,2,1,109.25,南北,2017,吾行里,青山,建设二路,和平大道1248号,16797,184,低层
南北通透 2室2厅 精装修,2,2,1,82.54,南北,2010,东兴商住楼,黄陂,前川,河塔街,5608,46,中层
印象城旁精装三室丶南北通透丶业主诚心出售丶拎包即住,3,2,2,126.82,南,2017,恒大御府,青山,建设二路,冶金大道16号,14340,182,高层
东区电梯二房 看房有钥匙,2,2,1,86.03,南北,2006,万科城市花园(上东区),江夏,东湖高新,大学园路1号,21619,186,高层
91平 精装修 2室2厅 南北通透 满五  住房 楼层好 视,2,2,1,91.03,南北,2008,金地中心城(西区),洪山,关西,雄楚大道908号,15256,139,高层
捡漏 菩提苑 好楼层 采光充足 房东只带衣服走 随时看房,3,2,1,126.37,南北,2013,菩提苑,江夏,文化大道,环湖路,9485,120,中层
万科汉阳国际精装两房 中间楼层 诚心出售,2,2,1,81.46,南,2014,万科汉阳国际B区,汉阳,王家湾,康达街10号,12989,106,低层
正南 2室1厅 企业力荐好房诚意出售,2,1,1,91.4,南,2005,阳光花园(新湾五路),江汉,杨汊湖,新湾五路105号,14923,136,中层
（价格冰点）（必看好房）万达旁纽宾凯蜜城 港口村站在楼下,3,2,1,81.1,南,2016,纽宾凯国际社区蜜城,汉阳,四新,芳草路,13046,106,高层
带车位 广电江湾 138平豪装三房 保养好 全屋中央空调地暖,3,2,2,138.93,南北,2016,广电江湾新城(南区),硚口,古田,古田路68号,14577,203,低层
联投金色港湾 精装修 南北通透 3室2厅 房东急置换 诚意买,3,2,1,94.29,南北,2018,联投金色港湾,沌口开发区,江汉大学,博学路6号,10958,103,高层
（新上房源）公园里小三房 老证税少 全天采光 随时看房,3,2,1,90,南,2017,招商公园1872瑞府,汉阳,四新,江城大道,13960,126,中层
正南 3室2厅 企业力荐好房诚意出售,3,2,2,118.87,南,2016,绿地派克公馆,青山,和平大道,和平大道1650号,9110,108,高层
检漏光谷软件园  电梯房 南北通透 精装修 满二唯一住房,2,2,1,81.82,南北,2012,清江山水,洪山,光谷软件园,软件园中路10号,14649,120,中层
二环 唐家墩地铁口 次新房顶琇国际城  纯毛坯 老证 有钥匙,3,2,2,93.06,南,2017,顶琇国际城,江汉,唐家墩,发展大道239号,15722,146,高层
正南 3室2厅 企业力荐好房诚意出售,3,2,2,103.78,南,2010,保利城(四期),洪山,铁机路,铁机路133号,17922,186,低层
九龙涺 南北通透 87平 电梯房 房东急置换 诚意买房,2,2,1,87.55,南北,2010,九龙涺,武昌,武泰闸,白沙洲大道555号,15862,139,中层
正南 3室2厅 精装修,3,2,2,140.1,南,2020,光谷澎湃城奥山府,洪山,光谷东,佛祖岭东街2号,15223,213,低层
古南社区74.39平69万2室1厅1卫,2,1,1,74.39,西,2000,古南社区,硚口,古田,田文街16号,7778,58,中层
欧洲风情小区，老证带车位，一线看湖，南北通透，业主急卖随时看,4,2,2,141.3,南,2019,招商公园1872(B3-2地块),汉阳,四新,凤举路,15210,215,中层
正南 3室2厅 企业力荐好房诚意出售,3,2,1,103.8,南,2013,现代森林小镇,江夏,东湖高新,光谷大道120号,19750,205,中层
急卖科普公园大华铂金郦府 纯商品房南北通透 自住装修随时看房,2,2,1,88.79,南北,2018,大华铂金郦府,青山,余家头,旅大街21号,15362,136,低层
劲爆价 直降50万 捡漏 好楼层 一梯两户 业主急卖去外地,3,2,1,129.13,南,2007,汉口春天,硚口,古田,解放大道109号,10114,131,中层
正南 3室2厅 精装修,3,2,2,128.81,南,2021,御江壹品青山樽,青山,建设二路,建设二路,17263,222,低层
仲界费1万，75平星悦城玺樾两房 精装修（中央空调壁暖）,2,2,1,75,南北,2021,星悦城玺樾,江岸,江岸周边,青松路,14108,106,高层
四新核心 城投四新之光通透3房 毛坯 随时看房总价低,3,2,2,111.29,南,2017,城投四新之光(二期),汉阳,四新,连通港西路,11142,124,低层
正南 3室2厅 精装修,3,2,1,88.46,南,2016,平安光谷春天,江夏,金融港,高新六路15号,13643,121,高层
115平 电梯房 满五 星悦城二期 3室2厅 南北通透 楼层,3,2,2,115.71,南北,2014,星悦城二期,江岸,后湖,罗家嘴路28号,14645,169,中层
满二   正南 3室2厅 精装修,3,2,2,104.47,南,2015,复地海上海,汉阳,鹦鹉,建港路1号,18911,198,中层
保利中央公馆 大两房 地铁口 带装修 高楼层 视野开阔172,2,2,1,86.71,南北,2015,保利中央公馆(G1-G16栋),洪山,新南湖,丁字桥南路558号,16397,142,高层
泛悦城 120平三房 二次精装修 带车位 中间楼层 预约看房,3,2,2,119.96,南北,2019,泛悦城,洪山,关山,关山大道,26530,318,低层
"ONE39三房钥匙看房琨瑜府泛悦城旁,诚心出售南北通透",3,2,1,101.5,南北,2018,光谷ONE39,洪山,光谷广场,高新大道229号,15474,157,低层
轻轨边小户型 超大空间 有电梯天然气 边户,1,1,1,66.39,南北,2017,汉口北一号公馆,黄陂,汉口北,汉口北大道111号,3735,25,高层
纽宾凯国际社区，四新成熟社区的标杆 毛坯小三房 老证价格优惠,3,2,1,91.37,南,2017,纽宾凯国际社区锦城,汉阳,四新,芳草路,12847,117,低层
保利精装三房，不临铁路高架，楼层好，无抵押交易快,3,2,1,95.66,南,2013,保利公园九里(1-4期),洪山,新南湖,南湖小路9号,15969,152,高层
金融港地铁口2号线附近花园洋房必看好房，三居随时看房诚意出售,3,2,2,114.02,南,2013,当代卡梅尔小镇,江夏,藏龙岛,杨桥湖大道10号,10513,120,中层
老证 拎包入住 保养好 交通方便 公园散步,2,2,1,77.92,南,2014,万科汉阳国际B区,汉阳,王家湾,康达街10号,13261,103,低层
正南 2室2厅 企业力荐好房诚意出售,2,2,1,87.18,南,2010,领秀城(一期),洪山,卓刀泉,雄楚大道489号,17731,155,中层
年轻时尚社区 精致3室2厅2卫1阳台 享受生活从这里开始,3,2,2,112.93,南北,2019,保利大都会,洪山,卓刀泉,雄楚大道355号,25473,288,低层
房源采光好，南北通透，业主诚意出,3,2,2,111.62,南北,2016,汉北大全景,黄陂,武湖,汉口北大道,7036,79,高层
正南 3室2厅 精装修,3,2,2,123.74,南,2013,观庭金色世家(B区),洪山,白沙洲,白沙五路2号,8217,102,低层
正南 3室2厅 企业力荐好房诚意出售,3,2,2,117.05,南,2018,东原启城(一期),洪山,白沙洲,烽胜路66号,11864,139,低层
汉口江滩正对面，上海路口 2楼 3室2厅2卫3阳台 全明户型,3,2,2,103.31,东南,1995,上海路4-8号小区,江岸,江汉路,上海路4-8号,13842,143,低层
满五   正南 3室2厅 精装修,3,2,1,92.96,南,2013,保利心语(九期),洪山,新南湖,野芷湖南路5号,13330,123,低层
阳光花园 新湾五路 通透户型 2房2厅2卫 一梯2户 公摊小,2,2,2,91,南北,2004,阳光花园(新湾五路),江汉,杨汊湖,新湾五路105号,15443,141,中层
汉口火车站旁 福星城南区 满五   精装修 中高楼层 采光好,3,2,1,96.8,南北,2008,福星惠誉福星城(南区),江汉,汉口火车站,常青一路2号,14517,141,高层
正南 3室2厅 精装修,3,2,2,102.9,南,2019,尚璟瑞府(一期),黄陂,盘龙城,航城东路16号,7712,79,高层
保利新武昌 正地铁口 精装三房 采光好 产证满二,3,2,2,101.27,南,2020,保利新武昌,洪山,白沙洲,张家湾路8号,16162,164,高层
正南 3室2厅 精装修,3,2,1,96.79,南,2000,绿地国际理想城(四期),洪山,光谷东,光谷四路,15372,149,高层
地铁7号线，常青树旁，品质小区，南北通透！,3,2,1,109.25,南,2016,恒达盘龙湾荷苑,黄陂,盘龙城,盘龙大道48号,6658,73,低层
正南 3室2厅 精装修,3,2,1,93.92,南,2019,理公馆,洪山,街道口,雄楚大道225号,20683,194,高层
地铁口 婚房装修 南北通透边户 满五唯一 税费少 ！,3,2,1,93,南,2016,钰龙湾汇园,汉阳,七里庙,墨水湖北路229号,12444,116,低层
地铁口直降20万怡康育才周边配套齐全花园式小区价格可以小刀,3,2,2,94.59,南,2016,海赋江城天韵A区,江岸,百步亭,兴业路173号,14769,140,低层
老证带车位，黄金楼层，诚心出售,3,2,2,114.97,南北,2018,人信汇天誉,汉阳,王家湾,龙阳大道62号,14380,165,高层
梨韵华府100.15平80万3室2厅2卫,3,2,2,100.15,南北,2015,梨韵华府,黄陂,滠口,明富路,6604,66,低层
必看好房！！满二！！地铁口！！精装3房！！,3,2,1,105.07,南,2018,清能清江锦城(三期),洪山,白沙洲,白沙四路62号,12902,136,低层
南北通透 3室2厅 精装修,3,2,1,80.67,南北,2002,江大路工科院小区,江岸,竹叶山花桥,江大路28号,12911,104,高层
CBD 一初旁 中城悦城一期 3室2厅 98.9平,3,2,1,98,南,2017,中城悦城(一期),江汉,王家墩CBD,发展大道66号,20075,197,高层
佳兆业金域天下三期 精装修双地铁口交通方便环境优美配套全,3,2,1,87.09,南北,2016,佳兆业金域天下(三期),洪山,白沙洲,烽胜路36号,15186,132,高层
急售武广万松园老证东南朝向 中间楼层 户型方正 自住装修,3,2,1,115.71,东南,2003,同成广场,江汉,新华路,建设大道538号,13217,153,高层
南北通透 3室2厅 企业力荐好房诚意出售,3,2,2,122.75,南北,2018,金科城,洪山,欢乐谷,仁和路98号,12795,157,低层
急售！满二省税！楼层好采光好！ 居家装修保养如新 送全部家私,3,2,1,91.09,南北,2016,保利清能西海岸(北区),江夏,藏龙岛,杨桥湖大道22号,10436,95,高层
光谷金融港  大三房两卫 业主婚房装修   保养很好,3,2,2,104.69,南,2017,旭辉御府,江夏,东湖高新,高新四路,13897,145,低层
南北通透 4室2厅 企业力荐好房诚意出售,4,2,2,137.27,南北,2015,星悦城(四期),江岸,后湖,春兰街66号,13550,186,高层
正南 3室2厅 企业力荐好房诚意出售,3,2,1,88.94,南,2016,长投海德公园,江岸,后湖,华盛路66号,15614,139,中层
二环 吉售 一线看湖 索菲亚全屋定制  拎包入住,3,2,1,97,南,2020,钰龙旭辉半岛四期礼园,汉阳,七里庙,百灵路33号,15339,149,高层
130平 3室2厅 南北通透 虹顶家园 居家自住 保养好,3,2,2,130.16,南北,2003,虹顶家园,武昌,南湖花园,恒安路49号,16067,209,高层
百步亭，房源采光好，南北通透，业主诚意出,3,2,1,85.29,南,2017,名流世家,江岸,百步亭,兴业路201号,14732,126,高层
绿景苑港东名居 精装修 89平 2室2厅 拎包入住 随时看房,2,2,1,89.79,南,2014,绿景苑港东名居(一期),洪山,欢乐谷,北洋桥西路66号,11324,102,中层
武昌徐东内环   三开间朝南 2梯2户 采光好 拎包入住,3,2,2,139.01,南,2012,爱家国际华城,洪山,铁机路,团结大道1026号,13083,182,低层
武汉捡漏第一急售住万科  菱角湖公园地铁口 万象城 新华医院,3,2,1,96,南,2019,万科金域时代,江汉,北湖,台北路295号,16102,155,中层
满二 保利心语(六期) 南北通透 精装修 看房方便 有钥匙,2,2,1,86.37,南北,2014,保利心语(六期),洪山,新南湖,野芷湖西路10号,16079,139,低层
2室2厅 满五 83平 电梯房 居家自住 保养好,2,2,1,83.19,南北,2016,绿地中央广场B区,汉阳,四新,梅林西路,10831,90,低层
江景房视野开阔，南北通透，业主诚意出售,3,2,1,97.39,东南,2018,汉口御江澜庭,黄陂,武湖,发展路,8063,79,高层
正南 2室2厅 企业力荐好房诚意出售,2,2,1,84,南,2004,保利花园(东区),洪山,关山,光谷大道219号,17516,147,中层
保利阅江台K10地块，精装三房近地铁，房东亏本急卖，老证过户,3,2,2,109.5,南北,2019,保利庭瑞阅江台,汉阳,郭茨口,琴台大道,12758,140,低层
招商江湾国际精装3房老证随时看房,3,2,2,108.06,南北,2018,招商江湾国际,硚口,古田,古田二路,13387,145,低层
正南 3室2厅 企业力荐好房诚意出售,3,2,2,102.35,南,2018,胜利丰园,洪山,白沙洲,烽胜路88号,9773,100,中层
满五   南北通透 3室2厅,3,2,2,132.7,南北,2002,关西小区,洪山,关西,雄楚大道746号,11213,149,低层
关山 满五 精装修未入住三房 保利茉莉公馆 随时看,3,2,1,92.16,南,2015,保利茉莉公馆,洪山,光谷广场,高新大道197号,21078,194,低层
2室2厅 双地铁 近公园 物业还好 家电全送 急卖可谈,2,2,1,80,南北,2020,武汉恒大帝景,东西湖,吴家山,金山大道889号,9196,74,低层
房源采光好，南北通透，业主诚意出,3,1,1,94.56,南北,2000,龙城汇萃园,黄陂,盘龙城,腾龙大道,7431,70,高层
新南湖二环边精准三房诚心出售,3,2,1,102.22,南北,2011,金地西岸故事,洪山,珞狮南路,珞狮路254号,14548,148,低层
联投金色港湾 边户边户大2房婚房装修 看房有钥匙,2,2,1,81.33,南北,2017,联投金色港湾,沌口开发区,江汉大学,博学路6号,12501,102,高层
房源采光好，南北通透，业主诚意出售,3,1,1,88.38,南北,2006,香缇美景,江汉,常青,江大路6号,10756,95,高层
正南 3室2厅 精装修,3,2,1,103.94,南,2021,汇悦天地(三期),江岸,后湖,和谐大道596号,14475,150,高层
低价房源，邻地铁，奥莱旁，盘龙湾荷苑毛坯两居室,2,2,1,86.04,南,2016,恒达盘龙湾荷苑,黄陂,盘龙城,盘龙大道48号,6918,60,中层
南北通透 3室2厅 企业力荐好房诚意出售,3,2,1,114.13,南北,2015,清江锦城沁园,洪山,白沙洲,白沙园路59号,12240,140,中层
正南 3室2厅 企业力荐好房诚意出售,3,2,2,104.63,南,2016,玉带家园,硚口,武胜路,京汉大道370-374号,15643,164,低层
江汉大学旁 地铁口 115万买湖景毛坯大三房 超高性价比,3,2,2,124.11,南北,2005,江大园,沌口开发区,江汉大学,博学路1号,6994,87,高层
格局改成3房，自住装修，干净透亮，阳台大,3,2,1,93.59,南,2009,光谷坐标城,洪山,光谷软件园,关山大道519号,21021,197,中层
盛世东方大面积两房户型好 阳台大老证唯一精装修,2,2,1,99.59,南,2013,盛世东方,江岸,后湖,兴业路192号,14775,147,低层
万科汉阳国际  138平大三房  南北通透,3,2,2,138.31,南北,2015,万科汉阳国际B区,汉阳,王家湾,康达街10号,13149,182,低层
正南 2室2厅 企业力荐好房诚意出售,2,2,1,81.34,南,2016,大华铂金郦府,青山,余家头,旅大街21号,14736,120,低层
央企军工品质 好楼层 业主诚信出售 有钥匙随时看房    ，,3,2,2,117.55,南北,2020,保利新武昌,洪山,白沙洲,张家湾路8号,13783,162,高层
双轨交汇处，单价13500丹亭懿府，满二税少，周边商圈成熟,3,2,1,93.37,南,2020,丹亭懿府,江岸,百步亭,百步亭路10号,12395,116,低层
宗关二环内中建御景星城，好房好价，满两年，随时看，诚心卖,2,2,1,91.9,南北,2016,中建御景星城(景园),硚口,宗关,汉西路,16640,153,中层
正南 3室2厅 企业力荐好房诚意出售,3,2,2,115.11,南,2017,中国铁建梧桐苑,江夏,金融港,民族大道324号,15655,180,低层
急售，钥匙在手，宝安花园中间楼层，带暖气，,3,2,1,105.68,南北,2002,宝安花园,武昌,南湖花园,恒安路77号,20728,219,中层
汉口北轻轨旁 金寓 电梯房 61平 楼层好 视野无遮挡,2,2,1,61.84,南北,2014,金寓,黄陂,汉口北,汉口北大道16号,2941,18,中层
正南 3室2厅 企业力荐好房诚意出售,3,2,2,101.33,南,2007,新域柠檬特区,洪山,光谷广场,卓刀泉路410号,13868,141,高层
万科金色城市17地块 南北通透随时看房 带储物间 看房方便,2,2,1,87.12,南北,2013,万科金色城市17地块,洪山,白沙洲,江州路,12809,112,高层
巨龙大道双地铁口，精装四房，送20平入户花园，证满五,4,2,2,154.1,南北,2012,珩生领袖城,黄陂,盘龙城,盘龙大道,5472,84,低层
南北通透 101平 满二 电梯房 星河2049 楼层好 视野,3,2,2,101.85,南北,2020,星河2049,江岸,百步亭,温馨路,13148,134,高层
正南 3室2厅 企业力荐好房诚意出售,3,2,2,116.02,南,2000,常青花园四区,东西湖,常青花园,学府北路65号,12468,145,低层
电梯房 满二 99平 3室2厅 楼层好 视野无遮挡,3,2,1,99.14,南北,2018,保利上城东区,洪山,白沙洲,烽胜路20号,12673,126,高层
保利花园(东区) 2室2厅 南北通透 84平 楼层好 视野无,2,2,1,84.95,南北,2004,保利花园(东区),洪山,关山,光谷大道219号,14499,123,高层
正南 2室2厅 企业力荐好房诚意出售,2,2,1,84.55,南,2012,歌林花园,黄陂,盘龙城,巨龙大道159号,7333,62,高层
武昌府二期，毛坯四房，南北通透，晒场采光,4,2,2,136.77,南北,2014,武昌府二期和郡,洪山,新南湖,文治街30号,16197,222,高层
满二 1室1厅 精装修 万科金色城市16地块 南北通透 房东,1,1,1,41.48,南北,2015,万科金色城市16地块,洪山,白沙洲,白沙五路,5580,23,中层
华发外滩   南北通透 满二 楼层好 视野无遮挡 有钥匙,3,2,2,96.05,南北,2020,华发外滩首府,江岸,二七路,永泰路,39588,380,低层
保利茉莉公馆 2室2厅 预约看房,2,2,1,71.99,南,2015,保利茉莉公馆,洪山,光谷广场,高新大道197号,20668,149,低层
白沙洲 东原启城 不靠近三环线 配合满二 诚心出售 随时看房,3,2,1,94.79,南北,2020,东原启城(三四期),洪山,白沙洲,烽胜路,13342,126,中层
满二唯一 正南 3室2厅 精装修,3,2,2,127.84,南,2014,三和光谷道,江夏,藏龙岛,光谷大道8号,10863,139,高层
古田三路轻轨旁的花园小区，电梯小高层一梯两户，南北通透采光好,3,2,2,129.63,南北,2006,东方花城,硚口,古田,古田路67号,11287,146,中层
155可以卖 王家湾中央生活区 106平 南北通透 采光好,3,2,1,106.5,南北,2017,王家湾中央生活区,汉阳,王家湾,汉阳大道,12807,136,高层
湖  学旁长鑫家园捡漏精装两房,2,2,1,93.59,东南,2013,长鑫家园,武昌,徐东,秦简街12号,14838,139,低层
两次降价5万急售 全新装修未入住 带暖气大两房 满五,2,2,1,84.25,南北,2016,万科城花璟苑,洪山,光谷软件园,关南园路,20604,174,低层
正南 3室2厅 精装修,3,2,2,109.8,南,2021,龙湖春江彼岸,汉阳,建港,两湖路3号,17692,194,高层
送60万精装个车位 缺钱急售老证满五唯一 龙阳一号墨水湖公园,3,2,2,137.6,南北,2016,龙阳1号,汉阳,王家湾,芳草路88号,14899,205,高层
智苑小区 毛坯三房 90平仅需75个W 毛坯中的战斗机 急售,3,2,1,90.51,南,2018,智苑小区,洪山,光谷东,流港路100号,6850,62,高层
越秀开发  朝南经典户型  老证税少  地铁8号线,2,2,1,91.1,南北,2016,越秀星汇君泊一二期,江岸,后湖,塔子湖东路18号,15244,139,低层
万科品质 精装2房，老证 拎包入住 性价比高,2,2,1,64.69,南,2015,万科金域蓝湾,沌口开发区,江汉大学,三角湖路8号,14312,93,高层
正南 3室2厅 精装修,3,2,1,93.3,南,2017,中国铁建梧桐苑,江夏,金融港,民族大道324号,15593,145,中层
85平85万急售 罗家墩新寓 精装好两房 南北通透 拎包入住,2,2,1,84.97,南北,2006,罗家墩新寓,硚口,古田,沿河大道629号,8269,70,低层
泛悦城 141.44平 带精装三房，楼栋视野非常好,3,2,2,141.44,南北,2019,泛悦城,洪山,关山,关山大道,23085,327,高层
盛世江城前排，业主自住豪华装修 家具家电全送 价格可谈,2,2,1,87.48,南,2019,中国水电盛世江城,江汉,杨汊湖,新湾路9号,19371,169,高层
经典中建开元公馆3室2厅2卫1阳台！精装修！两证齐全！,3,2,2,107.51,南北,2014,中建开元公馆,青山,建设二路,建设二路11号,19376,208,低层
10W上车 三环内万科精装三居室 双阳台内北通透 满二少税随,3,2,1,90.15,南北,2014,万科金色城市23地块,洪山,白沙洲,长征二路,11004,99,低层
精装修 电梯房 满二唯一住房 102平 南北通透 看房方便,2,2,1,102.22,南北,2019,丽水康城,硚口,古田,沿河大道438号,12130,124,高层
坐标城，南北精装二室，中间楼层 ，看房有钥匙,2,2,1,92.62,南北,2009,光谷坐标城,洪山,光谷软件园,关山大道519号,18296,169,中层
地铁7号线，常青树旁边，奥特莱斯商圈，南北通透双阳台可观湖！,3,2,1,109.25,南,2016,恒达盘龙湾荷苑,黄陂,盘龙城,盘龙大道48号,6962,76,中层
3号线地铁口 龙阳1号 首付23万买两室 精装 老证,2,1,1,67.36,南北,2015,龙阳1号,汉阳,王家湾,芳草路88号,14113,95,低层
锦绣汉江1区 93平2室仅售108万，南北通透 电梯房,2,2,1,93.84,南北,2019,锦绣汉江1区,汉阳,郭茨口,琴台大道,9513,89,中层
洪山区102平 金地西岸故事 精装修 采光好 周边商圈成熟,3,2,1,102.19,南北,2011,金地西岸故事,洪山,珞狮南路,珞狮路254号,14156,145,低层
正南 3室2厅 精装修,3,2,1,87.39,南,2012,东方雅园(一期),洪山,欢乐谷,智和路108号,10689,93,高层
保利公园九里小三房，不临铁路不临高架，小区中间安静,3,2,1,94.23,南北,2011,保利公园九里(1-4期),洪山,新南湖,南湖小路9号,15176,143,中层
新上 硚口法院旁 广电兰亭 三开间朝南 精装3房 老证,3,2,1,96.57,南北,2017,广电兰亭荣荟雅园(8-9栋),硚口,硚口周边,古田四路197号,12412,120,低层
东方城 精装修三房 可看江 证满 业主诚心出售 急需换置,3,2,2,96.95,南北,2019,百隆东方城,黄陂,武湖,汉施公路,7077,69,中层
瑞园住宅小区93平精装2室2厅1卫,2,2,1,93,南北,2016,瑞园住宅小区,汉阳,钟家村,五龙路,10489,98,中层
四新广电兰亭时代，经典三房，精装全配，不靠三环高架。,3,2,1,90.54,南,2015,广电兰亭时代(1期),汉阳,四新,四新南路,12782,116,高层
新上房源！捡漏满二！价可谈有钥匙精装全新三房中高层无遮挡,3,2,1,89.66,南北,2016,保利清能西海岸(北区),江夏,藏龙岛,杨桥湖大道22号,10603,95,中层
必卖好房推荐广电兰亭时代新出老证精装修南北双阳台好房型好楼层,3,2,2,93.85,南,2018,广电兰亭时代(1期),汉阳,四新,四新南路,13300,125,高层
南北通透 3室2厅 企业力荐好房诚意出售,3,2,2,118.19,南北,2012,保利华都,洪山,卓刀泉,虎泉街299号,22240,263,高层
正南 2室1厅 精装修,2,1,1,77.54,南,2017,恒大龙城(二期),黄陂,盘龙城,航城东路19号,7036,55,低层
日月华庭 满五   精装带暖气 电梯房 房东急售,2,2,1,103.65,南,2008,日月华庭,江汉,唐家墩,新华路728号,13398,139,中层
捡漏好房 居家精装修 111平 3室2厅 南北通透 急售,3,2,1,111.13,南北,2016,清江锦城玺园,洪山,白沙洲,烽胜路55号,12273,136,低层
中央公馆四期两房精装修央企品质 近地铁保养好拎包入住随时看,2,2,1,74.55,南北,2016,保利中央公馆(G17-G22栋),洪山,新南湖,平安路5号,16410,122,低层
满二，豪 华装修，8326平复式楼，3房2卫，采光好,3,2,2,83.25,南,2017,东原湖光里,洪山,白沙洲,黄家湖大道501号,14100,117,低层
次新房轻轨旁电梯高层非顶楼挂头户型全明通透两梯四户重新精装,3,2,2,115.44,南北,2019,幸福湾星澜,江岸,百步亭,解放大道2901号,13319,154,高层
汉阳钟家村 远洋东方境世界观 173平 382万 精装四房,4,2,2,173.02,南北,2021,远洋东方境世界观8号地块,汉阳,钟家村,归元寺南路1号,18251,316,高层
满五唯一 正南 3室2厅 精装修,3,2,2,106.04,南,2007,保利心语(二期),洪山,新南湖,野芷湖西路3号,13782,145,低层
正南 3室2厅 精装修,3,2,2,114.98,南,2017,保利圆梦城(二区),新洲,阳逻开发区,圆梦南路,5464,63,低层
南北通透 3室2厅 企业力荐好房诚意出售,3,2,2,124.65,南北,2020,招商一江璟城(北区),青山,红钢城,建设六路5号,16115,201,低层
三环 一线湖景 毛坯3房 东边户 南北通透 采光无敌,3,2,2,125.89,南北,2020,楚天都市沁园,洪山,白沙洲,双沁二路1号,9850,124,中层
一梯两户 旁芳草和二桥    到3号线地铁 楼下公园安静舒适,2,2,1,83.93,南,2011,南国明珠(三期),汉阳,王家湾,龙珠路,15758,132,高层
美加湖滨新城 价格可以沟通 10万内搞定所有大三房,3,2,2,123.28,南北,2006,美加湖滨新城,江夏,庙山,江夏大道49号,5699,70,低层
南北通透 3室2厅 企业力荐好房诚意出售,3,2,1,123.11,南北,2001,尖东智能花园,洪山,光谷广场,民族大道12号,14100,174,低层
东原阅境 109平130w 单价1w2不到 你还犹豫什么,3,2,2,109.31,南北,2021,东原阅境,东西湖,吴家山,三店西路19号,10285,112,低层
两房送一房  温馨三房 产证满二 中高楼层 采光极好,3,2,1,84.81,南北,2011,保利心语(三期),洪山,新南湖,野芷湖西路3号,13646,116,高层
正南 3室2厅 精装修,3,2,1,94.52,南,2016,碧桂园生态城左岸,洪山,光谷东,夏芒路28号,12069,114,中层
正南 3室2厅 精装修,3,2,3,157.54,南,2000,世茂龙湾(三期别墅),沌口开发区,天鹅湖大道,知音湖大道,11176,176,共1
中一路地铁口，精装南北通透三房，送一间房面积，客厅带阳台,3,2,1,79.36,南,2015,三元中央公园,江岸,后湖,后湖大道66号,15312,122,中层
南北通透 3室2厅 精装修,3,2,1,111.82,南北,1997,卓刀泉教师小区,洪山,卓刀泉,卓刀泉路99号,12937,145,高层
正南 3室2厅 精装修,3,2,1,91.39,南,2017,新力帝泊湾,黄陂,盘龙城,兴龙路,7869,72,高层
南北通透 3室2厅 精装修,3,2,2,95.05,南北,2022,美好长江首玺K3地块,洪山,白沙洲,丽水路6号,10262,98,低层
鑫城宜居 南北通透 满二 电梯房 房东急置换 诚意买房,3,2,1,89.83,南北,2016,鑫城宜居,东西湖,吴家山,东吴大道88号,8282,74,中层
江北快速路口 轻轨旁 65W精装修 好楼层三房,3,2,1,97.72,南,2016,阳光新港中央花园城,新洲,阳逻开发区,余泊南路,5499,54,中层
正地铁口单价8千 精装三房两卫 双阳台 证满无贷款房东急卖,3,2,2,127.76,南,2012,歌林花园,黄陂,盘龙城,巨龙大道159号,6988,89,低层
武胜路地铁口 精装3房2厅2卫带阳台 满五 朝南 配套成熟,3,2,2,117.93,南,2003,江山如画(5期),硚口,崇仁路,江中路71号,19486,230,高层
正南 3室2厅 企业力荐好房诚意出售,3,2,1,105.91,南,1998,双塘小区,洪山,光谷广场,虎泉街,13503,143,中层
带露台，阳光房！金色雅园二期，红领巾豪装3房，低楼层出售！,3,2,2,129.9,南,2003,金色雅园金沙苑,江汉,常青,新湾二路16号,18454,240,低层
一线江景房 精装修  配套齐全 楼下就是华师附小，环境好,3,2,1,92.18,南北,2015,万科金色城市20地块,洪山,白沙洲,武金堤路,13003,120,中层
南北通透 3室2厅 企业力荐好房诚意出售,3,2,2,118.77,南北,2016,恒达盘龙湾荷苑,黄陂,盘龙城,盘龙大道48号,6960,83,低层
满五唯一住房 精装修 2室1厅 南北通透 看房方便 有钥匙,2,2,1,89.29,南北,2005,华星花园,东西湖,吴家山,革新大道1020号,7406,66,高层
（急售，老证！）百步亭中心位置，百步亭幸福时代，三房钥匙房源,3,2,1,95.18,南,2017,幸福时代(三期),江岸,百步亭,新益街135号,15285,145,高层
电梯入户 精装交付 老证看江 诚意出售,4,2,2,145.79,南,2020,城开云悦邸,江岸,百步亭,后湖大道,16443,240,中层
107平 和美社区 3室2厅 南北通透 看房方便 有钥匙,3,2,1,107.78,南北,1995,和美社区,江岸,台北香港路,台北路147号,12272,132,中层
光谷广场地铁口 华乐山庄  三楼  朝南两房 鲁小卓中 急售,2,2,1,79.11,南北,2000,华乐山庄,洪山,鲁巷,珞喻路716号,12435,98,中层
正南 3室2厅 精装修,3,2,2,101.44,南,2019,龙庭华府,蔡甸,蔡甸城区,汉江大道,5704,58,高层
单身小姐姐得小资生活从这套复试公寓开始，38万就能拥有,1,1,1,31.51,北,2020,华宇旭辉星空,江岸,后湖,后湖大道116号,9969,31,低层
正南 3室2厅 精装修,3,2,2,111.71,南,2021,东原启城(三四期),洪山,白沙洲,烽胜路,12579,141,低层
小高层可看湖，黄金楼层，诚心出售,3,2,1,86.7,南北,2018,人信汇天誉,汉阳,王家湾,龙阳大道62号,15665,136,中层
凯德旁 金地悦江时代 次新小区 中高楼层 精装三房 老证税少,3,2,2,111.96,南北,2018,金地悦江时代芸湾区,硚口,古田,田文街10号,12256,137,高层
正南 3室1厅 企业力荐好房诚意出售,3,1,1,88.9,南,2016,楚天都市雅园,武昌,中北路,中北路230号,21386,190,中层
新上不临街 中城悦城二期 精装未住三居室 中间层 价格臻屎,3,2,1,96.58,南,2020,中城悦城(二期),江汉,王家墩CBD,发展大道68号,20456,198,中层
高车地铁口 南德长江城 满二精装3房 采光好出行方便诚心出售,3,2,2,96.64,南北,2022,南德长江城,黄陂,武湖,梅教街,7698,74,低层
3室2厅 豪华装修 企业力荐好房诚意出售,3,2,1,89.06,东北,2016,百步亭金桥汇(二期),江岸,后湖,华隆路79号,15779,141,中层
人信汇四期天誉房子南北通透，是老证，3房2卫送车位,3,2,2,114.97,南,2018,人信汇天誉,汉阳,王家湾,龙阳大道62号,14308,164,低层
金地自在城旁 次新小区 正地铁口！,3,2,1,92.1,南北,2017,福星惠誉仁和公馆,洪山,欢乐谷,仁和路205号,11219,103,低层
捡漏地铁房，二次精装三房，非常诚心出售，随时签约,3,2,2,102.66,南北,2019,保利新武昌,洪山,白沙洲,张家湾路8号,16104,165,高层
二环内蔡家田 博雅旁阳光三房 低楼层婚房精装 立买即入住,3,2,2,84.54,南北,1998,蔡家田B区望才里社区,江岸,竹叶山花桥,望才里1-15号,13493,114,中层
唐樾稀有朝南小户型 婚房装修 老证带车位,3,2,1,86,南,2018,万科汉口传奇唐樾,江汉,汉口火车站,新华路758号,22107,190,高层
满二（有钥匙）可随时看房子业主诚心卖清江锦城三期双天街双地铁,3,2,1,105.12,南北,2019,清能清江锦城(三期),洪山,白沙洲,白沙四路62号,12975,136,中层
满五唯一 南北通透 3室2厅 精装修,3,2,2,114.34,南北,2013,大华铂金华府,青山,余家头,园林路25号,17712,203,低层
保利花园毛坯两房 中间楼层满二 南北通透 采光好公摊低,2,2,1,84.98,南北,2006,保利花园(东区),洪山,关山,光谷大道219号,17509,149,高层
古田二路轻轨 凯德旁 一线江景大三房 0遮挡 采光刺眼,3,2,2,102.33,南北,2017,江山樾,硚口,古田,沿河大道626号,12521,128,中层
正南 3室2厅 企业力荐好房诚意出售,3,2,2,120.94,南,2012,湘龙鑫城,洪山,白沙洲,白沙洲大道,7040,85,高层
天元世纪花城   知音站 吾悦旁   毛坯证满  中间楼层,2,2,1,102.47,南,2019,天元四季花城,蔡甸,蔡甸城区,汉阳大道,5324,55,中层
园林路双地铁 下楼就是公园 证已办可贷款 低公摊 得房率高,3,2,2,109.02,南,2019,东湖雅庭,洪山,欢乐谷,仁和路,10995,120,中层
精装修 3室2厅 电梯房 125平 东原启城(二期) 看房方,3,2,2,125.47,南北,2019,东原启城(二期),洪山,白沙洲,烽胜路,13770,173,高层
古田四路轻轨 联发九都府 精装通透三房双阳台 老证少有的户型,3,2,2,134.7,南北,2013,联发九都府,硚口,古田,解放大道237号,15035,203,低层
地铁12号线！老证！广电二期！看房方便！诚心出售！,3,2,2,111.61,南,2016,广电兰亭时代(2期),汉阳,四新,梅林七街,11480,128,高层
满五   正南 4室2厅 精装修,4,2,2,130.28,南,2014,F学府(A区),黄陂,盘龙城,腾龙大道88号,6091,79,中层
位置，小区正中央，中间楼层，采光非常好，业主诚心卖房！！,3,2,1,95.9,南,2017,幸福湾星澜,江岸,百步亭,解放大道2901号,12930,124,中层
名湖豪庭 必卖好房 精装修满五唯一 诚心出售随时可看,3,2,1,106.4,东南,2015,名湖豪庭,洪山,光谷软件园,华师园路9号,13984,149,中层
家电家具齐全 有暖气片 拎包入住,3,2,1,87.99,南,2013,万科汉阳国际A区,汉阳,王家湾,康达街18号,14561,128,中层
170可卖 保利香槟国际 中间楼栋 电梯中层 随时看,3,2,1,90.64,南北,2013,保利香槟国际,硚口,宗关,汉西一路49号,16498,149,中层
坐标城 精装二室 小区性价比,2,2,1,93.5,南,2005,光谷坐标城,洪山,光谷软件园,关山大道519号,18301,171,高层
正南 4室2厅 企业力荐好房诚意出售,4,2,2,115.69,南,2018,清能清江锦城(三期),洪山,白沙洲,白沙四路62号,13576,157,高层
正南 3室2厅 精装修,3,2,2,108.19,南,2015,东原乐见城(K2地块),洪山,白沙洲,南李路105号,13371,145,高层
长江新区 精装修电梯房 南北通透 楼层好 周边商圈成熟,2,2,1,85,南北,2018,百隆东方城,黄陂,武湖,汉施公路,5835,50,中层
2室2厅，精装修，伶包入住，预约看房,2,2,1,100.9,南北,2010,当代国际花园,江夏,东湖高新,光谷大道112号,18842,190,高层
地铁口（保利新武昌旁） 满二  保利上城 南北通透,3,2,2,117.6,南北,2018,保利上城西区,洪山,白沙洲,峰胜路20号,13917,164,高层
必看好房小高层公摊少房子保养很好到手直接住随时看,3,2,1,90.83,南北,2017,人信汇(二期),汉阳,王家湾,龙阳大道60号,14743,134,高层
三金华都 次新小区 正规复式 三房两卫 住宅带天然 随时看房,3,2,2,86.3,南,2011,三金华都,江汉,新华路,新华路738号,15805,136,高层
正南 2室2厅 精装修,2,2,1,89.06,南,2017,九坤翰林苑,蔡甸,蔡甸城区,蔡甸大街186号,6479,57,高层
正南 3室2厅 精装修,3,2,1,122.85,南,2017,东沙花园(南区),洪山,铁机路,欢乐大道,11372,140,低层
3室2厅 电梯房 南国明珠(一期) 精装修 南北通透 居家自,3,2,2,131.34,南北,2006,南国明珠(一期),汉阳,王家湾,龙阳大道33号,12084,159,低层
正南 3室2厅 企业力荐好房诚意出售,3,2,2,103.09,南,2018,世茂云锦樱海园,洪山,白沙洲,白沙三路36号,13070,135,低层
送!送!送!房东只拎衣服走，家电家具全部送！,3,2,1,95.7,南北,2013,招商雍华府,洪山,新南湖,文馨街5号,18139,174,低层
奥莱旁，地铁400米，盘龙湾全南户型，中层采光好,2,2,1,86.04,南,2016,恒达盘龙湾荷苑,黄陂,盘龙城,盘龙大道48号,6918,60,中层
武汉天地二期，豪装花园洋房，3室2厅2卫，老证，诚心出售,3,2,2,137.54,南北,2012,武汉天地御江苑,江岸,永清街,永安路6号,51085,703,高层
必看好房 不靠三环 低于同户型价格 年前精装 大兴路慧泉一初,3,2,1,95.67,南,2019,中国水电盛世江城,江汉,杨汊湖,新湾路9号,19872,190,高层
满五唯一朝南  精装修  89平 158万 白沙洲核心地铁口,3,2,1,89.35,南北,2017,佳兆业金域天下(二期),洪山,白沙洲,烽胜路36号,14340,128,低层
正南 3室2厅 精装修,3,2,1,99.74,南,2010,金地中心城(西区),洪山,关西,雄楚大道908号,14089,141,高层
正南 2室2厅 企业力荐好房诚意出售,2,2,1,88.31,南,2007,馨都雅园,武昌,杨园,和平大道751号,15445,136,高层
南北通透 刚需两房 地铁口 低密度 低总价 小高层 急售！,2,2,1,91.58,南北,2011,汉口花园幽兰居,江岸,后湖,秋桂街19号,12817,117,中层
白沙六路地铁口，中高楼层，次新房，看房方便,2,2,1,81.06,南北,2020,胜利丰园,洪山,白沙洲,烽胜路88号,9076,74,高层
满二   正南 2室1厅 精装修,2,1,1,84.41,南,2010,奥莱之星城市广场,黄陂,盘龙城,盘龙大道49号,8422,71,中层
摩尔城旁  王家湾产商圈 三号线四号线 配套成熟 环境好,3,2,2,123.35,南北,2018,人信汇天誉,汉阳,王家湾,龙阳大道62号,14073,174,中层
市民之家旁 房东急卖 经发龙湖云峰精装三房 次新小区 楼层好,3,2,1,96.37,南北,2023,经发龙湖雲峰原著,江夏,江夏周边,北华街16号,10551,102,低层
开发商装修海尔国际91平143万精装2室南北通透拎包入住,2,2,1,91.49,南北,2018,海尔国际广场,硚口,古田,古田二路98号,12559,115,高层
南北通透 3室2厅 精装修,3,2,1,94.01,南北,2009,南湖名都A区,洪山,新南湖,丁字桥南路556号,15827,149,中层
徐东大街 地铁4号线 8号线 铁机路地铁口东沙花园,3,2,1,122.18,南北,2017,东沙花园(南区),洪山,铁机路,欢乐大道,11434,140,高层
正南 2室2厅 精装修,2,2,1,93.09,南,2012,武汉天地御江苑,江岸,永清街,永安路6号,47506,442,高层
新出 现代城四区   大三室（必看好房）紧邻永旺超市 双地铁,3,2,1,114.11,南,2008,百步亭现代城四区,江岸,百步亭,百花一路38号,19559,223,低层
汉阳主城区，黄金口地铁站，总高六楼的小高层洋房，58团购折扣,3,2,2,118,南,2014,天创黄金时代,汉阳,黄金口,地铁4号线黄金口站B出口东行约500米,9107,107,高层
总价130多万买汉阳二环央企开发正地铁口精装现房120边户,3,2,2,123,南,2014,保利星河九洲,汉阳,升官渡,永安堂地铁站旁100米,11761,145,高层
左岭地铁口硅谷小镇先仅11500最后五套,3,2,2,107,南北,2014,伟鹏硅谷小镇一期,洪山,光谷东,未来三路和科技三路交汇处,11124,119,高层
地铁口70年别墅  送地下室花园  金地品质 得房率高,4,2,3,137,南北,2014,金地国际城,汉阳,黄金口,黄金口地铁站A出口西行200米处,9050,124,高层
汉阳  2环 一线临江 准现房 总价140万,2,2,1,82.29,南,2014,新港临江汇,汉阳,建港,晴川大道与芳洲路交汇处,14867,122,高层
七里庙地铁口南北通通 户型明厨明卫准现房,3,2,2,106,南,2014,尚城国际,汉阳,五里墩,七里庙地铁站b出口，汉阳大道580号,13647,145,高层
古田唯一自带幼儿园小学中学高端改善刚需精装现房,3,2,2,108,南北,2014,绿城华生桂语朝阳(新房),硚口,古田,园博大道与古田一路交汇处,13624,147,高层
光谷主城区  地铁口  准现房,3,2,2,117.74,南北,2014,伟鹏硅谷小镇一期,洪山,光谷东,未来三路和科技三路交汇处,11093,131,高层
联投悦西湖湖景三大三房 格局创新 低公摊高使用,3,2,2,100,南,2014,联投悦西湖,洪山,光谷东,花山春和路白石美术馆旁50米,13804,138,高层
徐东内环刚需小两室 央企保利开发 年底交房,2,2,1,75,南北,2014,保利城七期云廷,洪山,铁机路,北洋桥西路与铁机东路交汇处,16532,124,高层
华发以国企实力，兑现有保障,3,2,2,101,南,2014,华发都荟天地,硚口,古田,古田二路轻轨站旁100米,15714,159,高层
招商未来中心 地铁口 国企开发 均价1.5 专业配盘 包接送,3,2,2,100,南,2014,招商·武汉城建未来中心,沌口开发区,体育中心,沌阳大道与体育路交汇处（协和医院西院对面）,14466,145,高层
东湖边 央企核心C位 天花板级别大盘   新房侨城欢乐天际,3,2,2,122,南北,2014,华侨城欢乐天际(新房),青山,余家头,团结大道地铁4号线工业四路站B出口（华侨城杉·艺术空间）,15245,186,高层
三环内王炸楼盘单价14000中字头央企开发,3,2,1,99,南北,2014,中国铁建·花语天著,江岸,百步亭,新区大道与游湖二路交汇处,12274,122,高层
汉阳中心片区 精装入住 交房又保障,3,2,2,110,南,2014,王家湾中央生活区湾玺,汉阳,升官渡,汉阳大道与玉龙路交汇处,15705,173,高层
新房首发 多面积 多价格 多楼层 多户型随便选 免费看房,3,2,2,108.35,南北,2014,方岛金茂智慧科学城(新房),汉阳,升官渡,芳草路与四新大道交叉口,15716,170,高层
国博新城 95110平三房出售小高层公摊17,3,2,2,95,南北,2014,城投融创国博城,汉阳,四新,四新南路与鄂渚路交汇处,13661,130,高层
汉口二环一号线轻轨口千禧城旁国企现房单价1.3送车位20上车,2,2,1,86,南北,2014,武汉城建汉樾台,硚口,古田,古田四路与长安路交叉口西侧（湖北警官学院北区旁）,13937,120,高层
三室两厅两卫，全屋精装修，万科大牌,3,2,2,102,南北,2014,万科华生公园大道(新房),硚口,古田,园博大道(蓝光林肯公园西侧约100米),13696,140,高层
超大阳台 全房明亮 开发商直降 性价比高,3,2,2,120,南北,2014,龙湖揽境,硚口,古田,长丰大道与古田二路交汇处,12399,149,高层
汉阳三环内双地铁单价14500精装交付准现房,3,2,2,98,南,2014,禹洲新希望雍禧兰台(新房),汉阳,四新,四新南路与新华园二路交汇处,12399,122,高层
单价1万3起步主城区准现房,3,2,2,113,南北,2014,龙湖揽境,硚口,古田,长丰大道与古田二路交汇处,12436,141,高层
四新地铁口国企毛坯准现房 新房团购价,3,2,2,105,南北,2014,海格公馆(新房),汉阳,四新,四新中路与四新南路交汇处,14170,149,高层
汉阳琴台大道江景住宅 3室2厅2卫 102m 约199万,3,2,2,102,南,2014,新世界汉江·云赫,硚口,古田,知音大道588号,16127,164,高层
旭辉大盘 老汉阳政务中心旁 墨水湖一线湖景,3,2,2,115,南北,2014,钰龙旭辉半岛·和岸,汉阳,七里庙,麒麟路与百灵路交汇处,15742,181,高层
神盘大嫂送大哥马尔代夫的豪装楼下就是摩尔城看湖,3,2,2,125,南,2014,中国铁建花语汀澜,汉阳,王家湾,玉龙路与墨水湖北路交汇处,15276,191,高层
下楼地铁口 绿道另外可以上于武昌区第一梯队,3,2,2,111,南北,2014,东湖ONE,洪山,欢乐谷,团结大道1068号（园林路E出口/金地广场对面）,17798,198,高层
三环边主城区单价9XXX，正地铁口 国企开发 配套齐全,4,2,2,128,南,2014,天创黄金时代,汉阳,黄金口,地铁4号线黄金口站B出口东行约500米,8396,107,高层
总价110W 高层价格买别墅 送花园送地下室 送车位,2,2,2,123,南北,2014,中粮祥云地铁小镇(新房),蔡甸,蔡甸周边,蔡甸大街与西环路交汇处（地铁四号线新庙村站A出口）,10081,124,高层
保利庭瑞阅江台滨江新品     3室2厅2卫 130m,3,2,2,130,南,2014,保利庭瑞阅江台·滨江新品,硚口,古田,琴台大道与玉龙路交汇处,16532,215,高层
